Toronto,Montreal,Paris,London
toronto,montreal,paris,london
ttc,english,ligne,woman
government,appointment,peu,love
student,bike,bon,£
ontario,quebec,rer,black
traffic,picture,etait,bite
cent,vegan,moins,dog
ford,velo,juste,flat
another,doctor,c'etait,sell
civilian,system,deux,men
block,heat,vers,upvote
international,population,grand,downvote
province,intersection,vraiment,tax
apartment,clinic,tour,concern
art,ramq,mec,others
tenant,recommend,personne,rather
bite,luck,quartier,neighbour
land,driver,sais,another
bed,transit,toujours,hard
article,card,rien,approach
centre,font,voir,#
concern,autre,genre,appreciate
fire,fry,avant,action
subway,assume,trouve,travel
shopper,porte,vu,play
provide,claim,alors,uk
report,path,e,quality
action,class,choose,become
canadian,canadian,vie,realise
drink,drug,peux,everywhere
waste,pa,entre,pub
win,music,mal,apps
infrastructure,apply,deja,half
site,plusieurs,jamais,fit
vote,send,passe,control
class,winter,fois,subreddit
lead,mobile,qu'on,automatically
little,kind,trouver,gang
fact,quel,contre,loud
feed,vont,prendre,value
manage,gauche,cote,delivery
worker,lorimier,gare,coffee
fund,love,truc,central
double,absolutely,depuis,deal
steal,cross,rame,waterloo
bag,derriere,quelques,match
game,page,regarde,young
surprise,allow,n'est,three
across,insurance,probleme,drink
state,compare,parce,random
hard,peux,dire,conversation
hold,patient,prix,south
downtown,jewish,certains,remindeimage
project,peace,d'un,upvoting
allow,anti,quai,downvoting
completely,feu,fort,image
original,chauffage,y'a,bot
meat,qu'on,pire,perform
councillor,trip,ratp,moderatosubreddit
control,voir,american,compose
raise,neighborhood,quelqu'un,involve
fall,hell,j'avais,partner
target,gros,mettre,little
available,probleme,encore,reduce
development,travail,plutot,older
term,cette,souvent,basically
we're,piste,n'y,pandemic
grind,passer,eme,mention
contract,oil,assez,busy
poor,deux,bonne,full
solution,israel,aller,later
finally,list,femme,girl
city's,rule,trop,chat
deal,province,parisien,single
he's,burger,mois,term
instead,island,demande,bed
tax,reste,cette,slim
suspension,manque,tellement,online
door,sante,nord,council
unit,pietons,autre,worse
union,entre,ete,add
baby,choose,pense,suggest
sense,downtown,personnes,simply
short,electrique,oui,agree
lease,dit,budget,noise
system,access,n'a,man
bike,example,egalement,east
london,avoid,commence,lunch
claim,limit,exemple,pop
investigation,bank,plein,across
reason,jump,s'est,hit
charge,palestinian,cela,hall
cfia,middle,marche,stick
launch,difficile,cet,multiple
vehicle,floor,vivre,small
transportation,pedestrian,jour,hot
certain,package,culture,culture
officer,infrastructure,moment,fun
news,easier,aucune,story
blame,suburb,pendant,watch
party,cyclable,sortie,stranger
crisis,travel,gar,similar
bill,transfer,enfin,example
release,laurent,saint,early
whether,serum,€,tube
race,mid,seine,stand
security,village,casque,fan
elsewhere,room,porte,smoke
loblaws,saint,eiffel,however
design,fight,partie,decide
transit,rental,b,current
accord,extra,map,cheaper
clear,toujours,autour,meter
i'll,genre,font,project
kill,tourner,loin,yeah
university,droite,veux,i'll
amazon,traffic,j'y,extremely
parent,rachel,mi,customer
impact,raison,sou,music
milk,ligne,francais,easier
list,sais,petits,pm
past,save,banlieue,sorry
fight,insist,sinon,charge
member,minimum,groupe,pet
office,hang,petit,definitely
position,eligible,certaines,tip
connect,doubt,probablement,connection
staff,grocery,endroit,attractive
create,cook,mieux,burger
mention,yeah,acheter,weird
west,shore,stage,product
remove,location,bout,office
personal,cop,dessus,notice
read,juste,arbres,recently
gta,c'etait,merci,meal
metrolinx,ceux,surtout,various
worst,compagnie,niveau,behaviour
benefit,s'arrete,crois,air
produce,covid,dit,thank
political,bonjour,ceux,unfortunately
funny,online,«,solve
condo,they'll,»,sale
box,moins,d'etre,age
nearly,opinion,techno,who's
currently,aware,chaque,sex
head,jours,touristes,due
write,merci,petite,answer
bug,regard,serum,chain
refuse,scooter,travail,go
add,jour,eat,trigger
kind,immeuble,sen,moment
complaint,schedule,doit,entire
partner,reach,s'ils,throw
product,visa,t'as,load
however,mostly,bonjour,quite
safety,idiot,billet,scene
story,wish,autres,folk
contractor,rien,sport,cross
present,demande,j'espere,trust
information,heavy,pa,laundry
email,commun,attention,special
profit,peu,vrai,several
six,idea,vont,boat
neighbourhood,difference,quelque,tend
strategy,summer,bref,blog
driver,inside,enfants,clothe
decade,tag,peuvent,item
reduce,period,tard,short
owner,cone,chez,lately
pandemic,behind,sdf,avoid
reform,similar,tant,hinge
reasonable,window,dehors,shirt
eglinton,judge,finit,court
despite,vert,defense,otherwise
gonna,facon,quartiers,box
cheaper,d'un,femmes,cut
seeker,belle,dont,fair
financial,temperature,l'air,affordable
share,describe,annees,mess
shortage,mind,beau,ideal
begin,answer,commentaires,behind
poll,blind,passer,estate
idea,gestion,d'une,poverty
cap,international,ni,plenty
current,finger,toute,climb
fix,range,l'epoque,photo
rental,ete,heures,church
policy,instead,pere,wall
perfect,entire,clairement,repeat
lexus,montrealers,piste,choice
grocery,dead,gros,matter
involve,quartiers,woman,consume
terrible,deja,match,sandwich
condition,rendu,behavior,simple
toll,auto,regardant,relationship
eye,longueuil,leve,okay
garbage,chaque,l'arret,thread
licence,choses,pointe,lose
star,grow,fin,sometimes
stand,lie,doi,energy
quite,poor,renovation,quiet
evict,ontario,resto,activity
conservative,hoevery,qu'un,personality
former,vehicle,pu,game
manager,sub,aubervilliers,complain
october,d'acheter,avis,engage
timeline,prix,sujet,soon
torontonians,budget,quatre,tunnel
exactly,vie,partir,gold
formula,enfants,zone,eg
diaper,style,champ,future
suppose,personne,google,cash
implement,catch,denis,bakery
retail,unique,puis,interest
save,virage,ensuite,mix
suggest,sherbrooke,agreable,slightly
saw,grande,viens,necessarily
responsible,jamais,grandes,relate
joke,avant,th,rubbish
organization,doit,d'en,pre
safe,l'intersection,version,pret
garden,quartier,trajet,inflation
somewhere,application,semaine,boot
small,direction,sortir,covid
history,pump,vieux,roll
worse,furnace,j'imagine,bag
yonge,average,panneau,double
instal,electric,suite,cold
decision,lose,mairie,royal
piss,chicken,facon,american
force,oh,regulierement,opinion
happen,tip,carte,advance
series,ok,faites,fix
greenbelt,instruction,maintenant,nick
fully,google,visiter,mid
sentence,essentially,tram,weight
future,specifically,auber,standard
fresh,francais,cheap,independent
hell,langue,j'aime,amaze
anymore,generation,vue,loop
mind,b,seule,eye
crime,parent,coin,club
cold,proof,matin,gym
act,government,sympa,grow
hospital,hamas,quoi,record
sometimes,qualify,vais,obviously
leadership,fill,j'habite,lovely
rule,serve,berlin,mad
summer,pouvaient,sol,speed
lose,fast,student,punk
ban,sushi,navigo,upstairs
garage,fantastic,calme,spare
black,highly,devait,room
york,branch,allait,along
sleep,decent,plusieurs,body
population,demand,l'impression,hand
anywhere,desperate,m'a,society
pick,lane,dame,result
walmart,illegal,water,foreign
capitalism,partie,pourquoi,exactly
error,alors,franchement,garden
buddhist,soiree,chinois,facility
risk,restos,collectifs,wash
p,general,permet,comfortable
cheap,escaliers,quelle,share
facility,«,malheureusement,read
half,»,moyens,delight
review,waste,cafe,catch
lmao,book,image,football
luck,zero,partout,crazy
huge,provincial,sauf,pack
convoy,passage,comprends,somehow
fun,sense,semble,common
absolutely,request,fabrique,shoulder
bunch,permission,fiche,brit
instagram,garden,ca,design
hang,well,veut,it'll
totally,semble,pantin,happen
advantage,coverage,vient,functional
asylum,appreciate,parlent,believe
thread,prefer,phd,reply
racist,safe,recent,bore
politician,obviously,specific,whatsapp
focus,oui,institution,empty
commit,commute,appartement,cheap
threat,ride,ici,wear
parliament,later,apps,ever
session,d'avoir,men,personally
push,n'est,friday,route
doug,decision,debut,they've
exact,poubelle,ba,patrick
butcher,voice,qualite,return
ever,jew,flux,mystery
potential,bicycle,convention,anyway
installation,early,ah,voice
fan,wonder,fast,quick
zoo,although,sort,ruin
properly,camera,english,bond
whatever,star,customer,buyer
zero,attack,landmark,mind
actual,etes,pousse,wise
accuse,assurance,devant,behave
license,metal,j'en,serious
remind,beer,garde,together
didnt,comite,sweat,platform
eviction,autres,bread,screw
exhibit,dont,michel,finally
enjoyment,pick,yeux,vehicle
communication,specific,direction,well
spa,bill,tete,mostly
shock,receive,suivant,brixton
association,passport,pleine,sub
bell,winnipeg,prends,homeowner
piece,taxi,vite,millenials
estimate,uber,l'eau,ladder
later,what's,velo,unable
location,quebecois,maintenance,afford
subsidize,depuis,marque,ignore
employee,hate,tendance,thief
wtf,cannot,recommande,tv
soon,internet,absolument,rebuild
remain,consent,baisser,generally
vacant,complain,retour,major
video,specialist,seulement,£k
throw,definitely,projet,additional
program,donne,villette,pool
unfortunate,arreter,d'autres,wwwrightmovecouk
behind,scare,etes,convert
saunders,seule,sociale,host
mike,qu'ils,locate,monday
smart,photo,jean,suggestion
tree,cycle,structure,fact
argument,directly,l'aeroport,state
stupid,automobilistes,demander,specifically
due,d'une,raison,policy
stream,priorite,t'en,fund
request,pi,plaindre,chicken
investigate,bilingual,d'habitude,everyday
conduct,hide,fais,hem
serve,argue,quitter,possibly
purpose,link,salaire,physical
suffer,tao,dedans,asian
agree,red,chatelet,anxious
alternative,radio,siege,drop
protect,gonna,prison,bill
along,meal,chiens,happy
today,short,heureux,late
require,potentially,rise,cat
file,suck,pourrait,owner
reach,japon,scene,agent
hole,capable,search,rarely
drug,meme,apparently,appliance
tool,semaine,suburb,stamp
average,voiture,foreigner,duty
dollar,voie,definitely,menu
sick,pm,d'autre,idk
general,medication,fasse,fast
compensation,reasonable,parisian,economic
sort,others,crottes,emotional
special,site,savoir,difficult
ltb,suisse,prennent,screen
blue,acheter,annee,profile
season,systeme,journee,video
ford's,study,jeunes,nobody
operate,mois,premier,purchase
statement,bon,cite,genuine
consequence,reason,fun,anymore
premier,daily,montreuil,lockdown
opinion,create,envie,secret
apply,cad,p,girlfriend
success,g,bord,proper
early,insane,dalle,cover
self,cyclist,pied,basic
pre,wrong,dimanche,provide
shelf,basic,artiste,cycle
insane,respectful,aim,process
shitty,montant,risque,repair
mental,sou,loyer,steal
markham,taste,l'autre,location
river,democracy,chien,curry
dozen,delivery,soir,card
major,till,heureusement,we'd
crosstown,cafe,pot,greet
simply,brain,viennent,alright
mp,campaign,region,we're
province's,convenient,premiere,spanish
newborn,opus,rentre,brand
assume,load,bonde,rice
record,onto,oublie,meat
clearly,effective,l'odeur,bread
annoy,zone,manque,remote
grow,alberta,securite,negative
college,dual,pose,immigrant
anthem,fluent,verre,directly
management,v,cours,brexit
cop,anglo,endroits,street
air,mandatory,terme,maintain
young,history,voit,article
majority,entertain,collegues,transaction
previous,ah,jours,september
controversial,risk,rather,heaven
harm,leurs,vibe,sausage
middle,laisses,complique,peter
ashe,vivre,centre,recommend
conclude,brossard,surement,block
responsibility,quelque,qu'elles,river
agreement,dis,rendez,thames
hub,correct,gratuit,festival
payment,ainsi,queue,finger
eat,doute,jeune,easily
shelter,annee,copine,complicate
medical,pareil,regard,history
study,play,s'il,detail
several,witness,s'en,view
organize,share,qu'elle,piece
book,gay,film,grand
clothe,wave,nom,treat
bin,safety,projets,counter
tear,necessity,leak,swipe
recent,chase,covid,round
flag,ill,soiree,surprise
thank,roof,parisiens,contribute
armenian,anymore,cliche,factor
healthy,current,n'importe,england
privacy,worst,difficile,crap
link,rock,justement,fell
stretch,kitchen,cher,asleep
locate,accept,laisse,heavy
catherine,reduce,bondee,nye
respond,harm,recuperer,putney
room,buyer,comprendre,pull
toyota,neighbourhood,rapport,wimbledon
age,people,rail,mayfair
pop,vendre,visiblement,decent
rip,shirt,qu'ils,raid
truck,realistiquement,wwwgooglecom,flood
provincial,seulement,@ayht,war
contamination,besoin,rempli,listen
result,famille,psy,hash
rise,fair,voici,bedroom
legal,parce,parle,heat
soy,l'ont,laquelle,mainly
g,viens,besoin,people's
pilot,vers,cest,window
easily,prennent,style,preference
various,rendus,bridge,hippy
value,butee,beautiful,party
pedestrian,jusqu'au,certain,colourful
wage,bout,installer,eta
via,quadrille,hi,nicer
checkhttps,faute,europe,hey
patient,older,supervisor,hate
tph,efficiency,unit,prefer
imo,energy,hello,scar
railroad,gas,pris,sense
marlow,case,antony,someone's
lucy,mi,wagon,luck
moss,fake,globalement,trip
julia,beef,theater,develop
pulo,ice,loudly,victorian
theatre,telephone,connais,communal
winner,d'etre,j'etais,toilet
wrong,kid,d'avoir,indoor
estate,whip,tout,peer
global,election,romantic,bigger
philosophy,inquietez,latin,access
argue,dire,cv,picture
us,attend,photo,cab
proposal,emsb,suivre,hill
recover,become,rester,green
occupancy,asian,decouvrir,victoria
range,meat,arrondissement,evacuate
dea,tofu,changer,instead
president,rice,etude,commute
authority,recently,travaux,beautiful
approach,popular,simple,celebrate
discourage,baby,majorite,forward
typically,matter,uni,foot
three,past,palais,hurt
november,fault,metre,christmas
dramatic,bunch,rentrer,lie
lrt,piece,carres,daily
five,record,rue,book
finish,rare,bedbug,hotel
punishment,narrow,network,bug
fuck,exception,panneaux,extra
path,basically,fils,taperedmenswearcom
they'll,separate,smell,taper
dog,relatively,choque,charles
express,small,laugh,tyrwhitt
neighbour,minority,table,wide
rid,residence,porter,reality
problem,category,jambe,tear
regularly,denis,bruit,inquest
useless,habitant,travers,death
optimum,fois,heure,severe
network,favorite,pensais,allergy
ukrainian,delicious,tt,wwwrecycleyourelectricalsorguk
hopefully,fiance,punaises,electricals
inform,amaze,teletravail,test
year,swap,seul,commit
full,twice,largement,essentially
troll,return,vouloir,extend
fill,board,sorry,uni
exacerbate,roll,pillar,mindful
massive,happy,end,much
permanent,folk,magasin,onto
foot,worry,s'appelle,general
immigration,beginner,generale,absolutely
federal,believe,croise,lack
billion,immediately,avion,cultural
subsidy,centre,hein,text
holder,dangerous,recu,fuel
demand,laval,entendre,romantic
daily,charge,finally,blast
wwwolaorg,changer,pres,success
legislative,medecins,maisons,butt
ignore,ouvert,proprietaires,goth
religion,arriver,s'installe,dress
personally,simple,chemins,trainer
believe,platte,soucis,benefit
upset,party,meme,renovate
apparently,jeux,trucs,inside
convenience,aiment,animal,pick
pharmacy,immediatement,mar,fewer
beyond,passe,however,army
pack,l'homme,game,german
tip,bloquant,unfortunately,coat
saturday,pognes,round,force
september,souvent,savais,function
celebrate,cote,faudrait,shock
lakeview,laisser,site,hell
environment,guarantee,merde,convenience
pm,trouble,qu'a,younger
dark,pre,basic,wife
example,federal,fallait,display
dry,refer,toilette,litter
pound,fall,problemes,pointless
sale,wwwlegisquebecgouvqcca,napoleon,tee
conceptual,fr,j'adore,lanyard
seek,document,courir,research
contemporary,lc,nature,con
associate,vehicule,compagnon,indiana
donate,endroits,voyage,jones
plant,ci,jeter,fantastic
clean,'s,chapelle,laugh
dump,greenhouse,correspondre,regent
squat,several,monde,canal
highway,rev,arriere,camden
gas,lumiere,conducteur,map
fail,trop,alcoolise,@
roll,aveugle,flea,tory
score,complet,regular,rich
lane,equivalent,clothe,ensure
speed,inform,brocante,immediately
cyclist,friendly,sell,selection
wide,francophone,familiar,york
cycle,welcome,degree,treasury
draw,vendeur,safe,holder
hand,boutique,t'a,reasonable
random,reparer,parler,sick
word,dangereux,fallu,mum
pray,cyclables,mentalite,roller
track,mile,trottoirs,coaster
get,frequency,ramasser,joke
bugger,attendre,touche,film
underwhelming,qu'elle,chemin,tick
density,svp,carton,cruel
queue,crowd,dernier,'just'
staffer,crazy,l'avait,worry
closely,loose,article,regardless
politics,surtout,plupart,fairly
najc,permis,ambitieux,apart
dismantle,ferme,choses,condition
ontario's,certaines,automatiquement,classic
relocate,gross,villes,attract
oct,write,passage,time
measure,mine,decide,safest
fare,tenant,feu,safe
slightly,sign,serieusement,sort
improve,collecte,universitaire,significant
suspend,n'a,apartment,stockwell
idiot,prends,native,thin
relatively,sac,hang,equity
residence,devant,smaller,boomer
unused,chez,habite,manage
join,roster,jolie,odds
effectively,regular,espace,recent
stock,four,l'ecole,rise
tee,reserve,milieu,ive
ex,emergency,verdure,interracial
size,overseas,decu,currently
oh,border,physique,government
customer,typical,selon,ugly
regular,eye,couler,liz
ride,add,possibilite,totally
secure,us,gagne,separate
day,rich,gosse,sink
entitlement,full,jusqu'a,grant
awareness,afterwards,celui,nowhere
count,dude,idfm,status
towards,blood,dur,residence
limit,veut,ouvertes,cost
similar,pense,j'apprecie,windmill
appear,payer,luxe,perfect
expiry,quelqu'un,parisienne,actual
odd,encore,quotidien,protect
rescue,detail,m'avait,abandon
videoflow,permanente,club,entirely
rat,avon,facile,account
lad,cet,lien,strike
connection,bore,langue,join
unaffordable,wage,commun,issue
supply,variety,regret,wwwfacebookcom
revenue,birthday,amsterdam,meetupmondays
investor,dozen,directly,sainsbury's
they've,mtl,happy,uniform
concrete,massage,individual,tokyo
print,therapist,smic,seoul
tone,advertise,qu'en,hopefully
lake,vouloir,travaille,teach
bird,tokyo,longtemps,billion
nature,directeur,j'avoue,interracially
gardiner,mobilite,vert,usual
council,comites,construit,someelse
reprimand,haut,contrairement,majority
view,niveau,weekend,upset
meal,gouvernement,simplement,via
senior,we're,bureau,investment
easier,advantage,l'architecture,fire
mill,quick,apply,address
strongly,option,receive,effective
one,surround,whether,resource
status,south,whereas,corner
drake,collapse,accept,incorporate
girl,earth,pet,favour
album,hot,basically,introvert
credit,let's,association,indian
permission,graph,sociaux,seriously
pot,transportation,accueille,whatever
furniture,snow,reserve,anywhere
rock,rain,abri,limit
camera,tbh,violence,personal
violation,random,longue,mental
compliance,fact,midi,response
defense,reverse,vendredi,sadly
vincent,way,systeme,attention
sear,pharmacy,destination,generation
merchandise,jean,prevu,aside
collection,river,jo,maintenance
everywhere,perfect,machine,reason
zombie,reddit,sub,£m
addict,office,allee,invest
jane,rather,dessous,settle
shoot,easily,village,manager
respectful,queue,fou,lucky
area,billet,habitent,clapham
electrician,confortable,campagne,drug
doesnt,propre,ado,emotion
sooo,rapide,amis,lesson
wall,november,facilement,cinema
till,tire,fac,fresh
laughable,mail,devoir,supermarket
disgust,block,villiers,imo
yall,wild,ultra,despite
wfh,wear,sait,beyond
society,privacy,descend,attraction
agricultural,uniform,coup,race
empty,man,litteralement,pic
accept,treatment,arrivant,apparently
anyway,fullclass,signale,strict
jay,problemes,nuit,upbringing
ranger,rendez,devraient,mutual
tie,n'ai,n'avoir,prepare
hit,vu,saxophoniste,eat
conflict,securite,agee,p
lol,prendre,discuter,gun
hot,clairement,americain,nosey
scandal,track,poche,noisy
cut,petty,pouvait,regularly
tolerance,theft,donne,louder
demonstrate,laquelle,secteur,certain
minister,lors,semaines,religious
onto,uo,s'agit,mine
inlow,warn,construire,completely
asset,advise,levee,bridge
poverty,offense,vivant,bonus
pretend,peuvent,matelas,improve
afford,charger,qu'une,stability
economy,frais,huge,incredibly
brother,corner,clean,fancy
truly,pin,pipe,list
expire,central,nouveaux,tour
foreign,yell,imaginer,encounter
dont,nearby,reseau,clause
quality,lack,principalement,unreasonable
golf,unacceptable,forcement,crime
jump,pilot,temp,board
clamor,ezzo,compte,miss
lack,weekend,choix,western
transparency,know,libanais,compare
assessment,chef,',opportunity
taxpayer,cut,pieds,violence
except,insult,fondu,marginalise
eg,miserable,pratique,population
forward,constance,casserole,accept
uber,signalisation,permettant,father
freeze,certaine,differents,lead
increase,protege,bouillon,deliver
voice,l'ensemble,l'endroit,cancel
twitter,usagers,inconnus,back
science,cyclistes,meilleurs,contain
latest,protection,exactement,tonne
mpp,clignotant,combien,metal
among,d'en,pouvoir,convince
elect,pieton,consequence,anytime
representative,ceci,nombre,mcdonald's
birth,seul,compatis,disgust
relate,solution,honnetement,shout
access,logique,etant,size
back,l'offre,galere,twenty
streetcar,zonage,j'suis,supply
dundas,politiciens,deteste,creep
favourite,logement,plat,rental
south,condo,l'opera,introduce
lesson,fin,chers,gonna
we've,vieux,l'oppose,mature
leader,savent,marchands,square
document,veux,salles,middle
extremely,bedroom,spectacle,inflate
tight,extreme,con,choose
role,quite,belle,exploit
abuse,mild,historique,he's
schedule,degree,siecle,appear
workplace,constant,deplacer,victim
defend,constantly,inter,theatre
mentally,annoy,particulierement,programme
europe,observe,l'espace,strange
late,legal,soudainement,pass
slow,hydrant,mini,museum
attempt,information,demarre,novelty
pedestrianize,calendar,capte,x
favour,unit,enfant,justeat
loud,report,hauteur,fry
nimby,bowl,l'enfant,genuinely
attend,treat,suppose,scaffold
participate,rap,age,hoard
topic,eastern,proximite,massive
brigade,listen,traumatisme,regular
receive,ever,l'histoire,let's
warn,headphone,prise,temperature
racism,stereo,future,unit
careful,jerome,effet,electricity
engage,content,rassurant,infestation
committee,aller,voiture,asap
threaten,toronto,mixte,tintonate
identifiable,east,l'ete,creak
arrest,due,dent,fish
minor,slightly,carrefour,click
indeed,insta,possiblement,ron
weird,twitter,recemment,calm
jewish,video,prend,neighbourhood
otherwise,discount,fout,greenwich
fundamentalist,product,complex,token
lawn,gravy,mot,vibe
it'll,eat,aider,free
snarl,false,professionnel,say
send,behavior,seance,phminute
chief,agent,aupres,phanother
pickering,chat,pourrais,care
anti,concert,carnet,refuse
robinson's,automatically,ridicule,family
highlight,ici,quel,everysquat
reflect,culture,milliers,squat
standard,supporter,d'etrangers,work
urge,maurilca,clichy,bring
false,skill,…,week
comparison,passee,datamemsxjtu,talk
apologize,dame,passerelle,refjourney
guide,m'a,help,refmove
step,loisir,unique,shrug
mississauga,bloquee,work,spstupid
pearson,bouge,pisse,start
sub,file,ponts,far
explain,sauf,mecs,everythey've
wwwtorontoca,etant,pissent,everyinclude
generation,hurt,pisser,somelook
wonder,refuse,bande,see
cross,stupid,cyclable,let
quiet,perhaps,wwwinstagramcom,everygreat
miss,digital,ohpeparis,spsomething
withhold,nomad,pote,everyawesome
disaster,work,sexuelle,boyfriolder
flee,fais,placer,someco
seat,loin,passent,boyfriforward
load,regarde,famille,train
lock,mettent,qu'eux,date
relevant,vraiment,client,area
lie,papier,montmartre,need
pillow,toilette,affiliate,yes
dot,publiques,kind,bark
screen,fontaines,research,everyspace
immediately,montre,academic,budchurch
grab,rem,relationship,probably
forever,adresse,hand,advice
none,incroyable,clear,thing
straight,kijiji,d'ailleurs,someknow
directly,loyer,massy,job
seal,draft,notamment,anywho's
officially,wire,craignos,british
together,seller,boost,sometake
place,photograph,quite,somemen
immigrant,appareil,disappoint,someprevious
protest,gaz,saturday,sprest
demonstrator,bruler,late,alsouth
solidarity,capacite,ok,somebritish
karabakh,stage,loud,someapologise
stronger,respectable,nobody,spmoney
route,backup,derniers,spapps
beef,refrigerant,affaire,everyapps
play,moyens,mention,camany
wherever,generally,faisable,social
depress,upon,logements,ha
matter,ac,etudiants,somemention
happy,capacity,ecole,everyappliance
station,drop,semelles,anypower
ready,pressure,l'avenue,stupid
sex,whenever,suggestion,inhead
rob,windshield,watch,alworth
transfer,provider,quarter,somehonestly
severe,decade,tattoo,co
avenue,ruelles,hit,somei've
deadline,certificate,picnic,journey
enwikipediaorg,student,shoot,unlike
wiki,permit,concert,inoutpersonally
suspect,respect,particulier,saturbite
childcare,yellow,travailler,friend
imply,mourrial,regles,option
woman,parle,semblent,day
affect,japonais,sures,anyexperience
library,blame,mine,either
monday,accommodation,fonction,someclick
oakville,medical,paname,noever
wow,wwwmacrotrendsnet,ambiance,someeffort
elevator,administrateurs,gen,somenice
single,egalement,aide,home
hotel,salaire,math,look
mid,owner,desole,cause
victim,actual,parc,experience
prohibit,bonne,full,allikely
tour,impact,determiner,one
feature,i'll,payer,although
academy,moral,moyen,etc
registry,communicate,declaratif,avalue
vivre,steal,bear,phone
renter,deliver,rendre,call
basically,vendu,sachant,caproblem
director,t'as,tel,apologise
widely,quality,aucun,awesome
employment,dad,permettent,stuff
suck,behaviour,suffit,problem
anybody,laugh,provide,budget
announcement,program,n'ont,barsouth
obligation,lead,dure,city
people,accent,t'es,head
residential,wine,vi,fine
bid,story,estimate,almust
secret,america,appear,even
red,human,population,togethecomplain
collector,raise,official,r
penalty,eyebrow,tinder,stop
four,subject,track,altime
recyclables,water,menace,exist
continual,palestine,venir,previous
liaison,l'effet,montre,least
drop,stain,location,ask
wealthy,technician,correct,minute
admit,serious,medias,rest
tough,suppose,vetements,year
ct,carte,valise,speak
entity,amazon,negative,anylast
hire,membre,available,somecompletely
promise,financier,pick,unshrug
isoflavones,segment,eye,info
let's,partant,reach,aleasy
radio,february,july,run
hindu,boot,fontainebleau,saturpm
fake,drapeau,marchait,everything
allen,useless,force,someable
educational,ray,vecu,people
multiple,live,emmenage,though
km,better,tax,easy
bend,faubourg,animaux,girlfripower
total,afrench,rire,sptogether
gotta,preshistorically,parlant,live
concert,aanglophones,bousculent,number
wwii,prescontinue,reagir,
bridge,hocontinue,currently,
median,aelse,elsewhere,
die,frifamily,online,
onca,frilink,usual,
canlii,ahome,stereotype,
delay,ahoserious,subway,
mark,historically,act,
demonstration,holong,lack,
prevention,forfaubourg,adapt,
promote,higher,rome,
move,aushonnetement,respectful,
download,nice,everybody,
aspect,fuck,king,
em,health,dinner,
alot,store,atop,
recruit,anglophones,deck,
headline,school,montparnasse,
wednescfia,recommamaze,ciel,
human,recommcopper,grenelle,
respite,food,pont,
malik,start,traffic,
catholic,car,circle,
forum,longer,encounter,
engagement,help,interim,
chain,show,d'apres,
delivery,meilleure,taille,
bc,support,evite,
spark,avoir,honte,
incident,partout,j'aurais,
citizen,anyread,reste,
buddhism,alone,demenager,
panaioti,different,telephone,
expert,zfaster,general,
musical,zmean,entreprises,
toby,zlane,chaussures,
jaz,zdriver,highly,
robinson,ai've,british,
maggie,thing,mandatory,
lacasse,close,relativement,
production,order,closest,
royal,want,maire,
dec,exist,placee,
queen,accessible,ravioli,
citadel,aufaut,classique,
tony,good,bagneux,
henry,see,pareil,
ill,anythough,dj,
wife,somewithin,attache,
broadway,year,robe,
six's,reussi,panoplie,
song,r,touriste,
female,night,ignore,
character,qu'il,forest,
divorce,c'est,river,
behead,someroom,papier,
crown,cyclimontreal,pression,
band,fait,sm,
boleyn,horoof,montrer,
congestion,somemight,max,
aeverything,build,gueule,
alauthority,$,tmax,
say,base,vroom,
nothing,copper,mauvaise,
tarcontrol,rid,leurs,
&,train,doute,
etc,french,nike,
blacasylum,x,photosdepopcom,
belong,ca,cecffbdebab,
solve,think,imagesmilledcom,
trash,home,uvmxpmbmhcfag,
wallet,much,staticnikecom,
they're,post,fautocssrgb,
way,front,wclimit,
line,ausmeilleure,ac,
reask,parendroits,ddde,
monrun,parville,%c%a,
everychange,parsysteme,capuche,
cahigher,family,shirt,
simple,complete,pr%c%af%c%ar%c%a,
school,reusinstitution,random,
netcan't,agas,certainly,
understand,anywear,monoprix,
around,institution,bag,
bullshit,sidecentury,pain,
space,wondeaccessible,mie,
break,corneeye,justice,
streettrack,century,dish,
car,read,generally,
alsolve,problem,m'en,
%,surveux,rid,
someimpressive,arid,muslim,
impressive,sidepedestrian,racism,
work,one,season,
continue,etc,rapidement,
ie,forx,mission,
anyfeel,expensive,insulter,
anynail,honnetement,auschers,
property,bien,better,
somework,would,problem,
aoriginal,anyway,ausvalable,
abetter,faster,l'interieur,
everyenjoy,level,valable,
open,outmiddle,ausl'interieur,
hogovernment,i'm,n'etres,
hohomaybe,may,aussainte,
hotenant,job,ausbar,
incan't,avoipasse,chance,
large,passeporte,everysay,
offender,ski,like,
week,counski,break,
course,tres,musee,
base,almost,really,
midnight,ha,many,
update,worth,ville,
somefive,,look,
someworth,,life,
name,,veccote,
already,,ause,
anyset,,reboulot,
bullcouple,,aleave,
help,,use,
event,,howonder,
ordeprevent,,french,
regulaie,,info,
group,,chapeau,
cafriend,,distance,
k,,minute,
though,,parservent,
honestly,,d'art,
plan,,panique,
asign,,d'panique,
spweek,,etre,
midsleep,,ha,
somequickly,,ausseule,
walkey,,coupe,
begarage,,surdehors,
spconcrete,,d'aubanlieues,
everytrash,,ausvenir,
everyoutside,,mud'art,
job,,misunderstand,
yesterarmenia,,sigoogle,
armenia,,non,
like,,symforcement,
toplan,,symaussi,
toparent,,servent,
overnight,,get,
life,,montreal,
forget,,boulot,
right,,auspris,
nbaby,,plus,
city,,that's,
yesterday,,care,
somelease,,qu'il,
key,,sainte,
somenice,,d'difficile,
bad,,reseul,
canada,,public,
anyspa,,surquand,
spenough,,n'ecoupe,
sprent,,stacparis,
quickly,,ausmontreal,
prevent,,auspire,
community,,pouvoisortiligne,
free,,demandej'en,
currenter,,serreetant,
time,,serreenvie,
someryerson,,study,
dramatically,,counmeet,
ryerson,,anymain,
fine,,counfluently,
everycan't,,counwonder,
nail,,fluently,
ago,,misstudy,
u,,councustomer,
offendetypically,,counalready,
ordev,,stack,
v,,job,
issue,,comme,
monoffer,,%,
forchange,,one,
ahuman,,lower,
wedneserror,,service,
anyupdate,,experience,
wednesperhaps,,depivry,
perhaps,,deptwo,
weupset,,ivry,
andrew,,aucommentaires,
overandrew,,sotype,
http,,portant,
country,,chapeaportant,
care,,depboulangerie,
still,,main,
pretdramatically,,beaucoup,
anne,,place,
aanne,,train,
frisimple,,say,
,,nice,
,,banlieues,
,,something,
,,lot,
,,visit,
,,boulangerie,
,,ss'il,
,,ss'ils,
,,auscool,
,,awould,
