body,subreddit
relevant ron convince ron cook burger honest burger burger amaze,London
ligne vers h femme visiblement pa tres probablement sdf tous animaux compagnie puis spectacle poche assez gen heureux etait metre sortir avant ligne entre deux mecs clairement pa parlant fort ouvertes main bousculent bousculent tous ceux cote meme bref clairement genre envie sais pa ete exactement soudainement autre mec leve balance gar genre tete fait reagir tout wagon,Paris
piste cyclables adore pa tout aucun autre faire fait mettre mairie entre aussi peu temp surtout quand voit vieux con majorite vraiment pa paris suffit voir nombre grandes piste espere juste gen consequence annees,Paris
adore ca trouve ca devrait etre interdit avoir bien heureux courir nature version pa,Paris
apply ontario onto income income asset apply remove list pretend list income list,Toronto
route express half full regular route,Toronto
wwwrecycleyourelectricalsorguk functional completely others,London
suggere verifier tal comme dit plusieurs entre temp peux acheter chauffage appoint comme exemple ca peu ca chauffe comme radiateur portable sais pa trop comment ca appelle,Montreal
immigrant mix product slightly necessarily relate brexit notice amount rubbish,London
mandatory mandatory water,Paris
london hole literally crazy drug everywhere zombie zombie drug addict news tool steal throw gta jane london worse,Toronto
german travel okay realise greet genuinely concern emotional state everyday sorry love polite,London
love minimum wage speak easier montreal comply speak bilingual bilingual doable easy bilingual competition… bedroom rare $ except temperature extreme mild variation degree celsius rain minus degrees…feel winter montreal bipolar decide constant weather…,Montreal
answer easier mix sex men ignore black interracial,London
solve essentially unaffordable due demand revenue stream fight vacant perfect investor perfect target luck support,Toronto
politician landlord surprise rental tie red none canada,Toronto
everytime paperwork canada visa example state,Montreal
mayfair club mayfair club upgrade decent gym though busy central london gym,London
sais pa si cela si jamais aussi sainte font aussi chapelle chapelle pourrait correspondre peux peut etre demander tourner scene souvent semaine pa monde,Paris
reflect original announcement metrolinx totally organization via manager via political totally,Toronto
pet vacation pet student speak,Paris
mobile contain gold contain £ tonne gold tonne gold gold nick £ nick value metal stand though overseas sell repair literally sell totally useless apart value metal steal discourage gang steal convince though double,London
fine claim clear,Toronto
toronto class subway system rer london implement congestion toll downtown toronto sense london everywhere toronto subway implement toll gardiner sense ontario downtown toronto congestion toll hold grind,Toronto
patient roster schedule patient appointment regular checkup four per four per xx per reserve per emergency appointment monday per vacation stint overseas doctor border typical doctor patient roster patient bat patient,Montreal
endroit pire techno paris si veux vibe soiree techno collectifs inconnus niveau vibe toujours meilleurs si aim soiree toujours,Paris
downtown impressive central past impressive wtf concrete print put fall garbage underwhelming tone saw art lake bird nature wtf fund art installation traffic sit gardiner traffic print traffic,Toronto
regarde plate pa billet sleep sait jamais autres sures evite tout prix billet prix,Paris
multiple easily,London
seule bonne ratp tous monde nouveaux comme comme ca ratp expliquer juste franchement deja quand trouve ratp sans donc imaginer ca reseau comme imaginer mettre,Paris
direction mi cle sou porte cette semaine evoquant difficultes financier lie pandemie entreprise soutient egalement raison « pluie abondante cet ete sequelles financier lie covid saison ete extremement difficile ensemble industrie velo echelle quebec » qquun peut expliquer ca veut dire quoi concretement prets gouvernement federal pouvaient pa rembourser consommauters moins argent loisir merci,Montreal
probleme semble pa etre spot parisiens ca malheureusement ca risque etre difficile paris sauf suivre collectifs « » pa toujours techno voir ba pa regles malheureusement scene techno pa mal vers dehors paris qualite virage kilometre correspondre aspect peu sinon plutot tendance rester sures petite salles gare machine fonction artiste encore assez peu regles generalement passe h dimanche voir si truc envie decouvrir suivant seule paris plutot collectifs quelques collectifs sol soiree regulierement spot artiste bonne ambiance ambiance pa toujours techno ca permet peu gen,Paris
merci gar aide malheureusement paris connais personne pense vais rechercher pendant deja paris etais conscient etait probablement sans risque arnaques difficile quand meme faisable agit pa marche immobilier parisien merci,Paris
term recent compare provider orange sometimes crazy cheap customer,Paris
france cad per mobile mobile data g g g france canada mexico argentina brazil dozen cad per mobile unlimited france canada legit sim card mobile france whenever mobile right canada cad loool canadian absolutely canadian internet provider canadian provider insane,Montreal
generally state proper personally royal hall site sometimes feed lead,London
couple till segment yellow segment connect,Montreal
cheaper toronto,Toronto
worse although little ignore write board,London
sweet joke april available access via register sport completely relate purchase € round sport grand palais france july individual sport available organization platform accessible official e nonetheless,Paris
westmount greenhouse specifically photoshoots several aware request special permission botanical garden several greenhouse,Montreal
bonjour cette association paris aide femmes sociaux abri ca accueille egalement enfants etait reserve femmes sans abri maintenant accueille tout femmes elles sans abri contre beaucoup monde attente peut etre longue matin h h apres midi h h h h jeudi rendez vendredi h h aussi femmes info gratuit h jours,Paris
cyclist montreal busy bike path laurent dominique fully cycle middle bike path idk education cycle rule,Montreal
reduce menu fish piece bread fish thin fry weird,London
london regret berlin amsterdam regret amsterdam paris rather paris berlin paris berlin vibe little individual,Paris
gros problemes securite cette constance signalisation certaine piste cyclables tous troncons rev beneficient virages protege ensemble usagers automobilistes cyclistes habitue rouler certaine maniere feu protege changement soudain cette protection entraine donc grande meme feu clignotant vert signale habituellement priorite virage recemment remarque certaines intersection donne feu vert pietons meme temp feu clignotant entierement conscient pietons priorites ca difficile vouloir automobiliste croire priorite puisque ca feux clignotants pa accompagnes feu pieton vert dit pa ceci excuse automobilistes manque constance signalisation peut faire sorte usagers maintiennent comportements pa securitaires instance,Montreal
compte collegues choix entre deux deux chinois deux deux libanais quatre tout moins pieds,Paris
compare graph main transportation travel honest traffic quicker compare bike transportation snow storm heavy rain plante majority pita profit minority assure election tbh random bike lane wish reverse everything remove graph heavily biaisee specific agenda laughable,Montreal
copper branch order bowl swap rice quinoa salad tao bowl avocado red cabbage raw brocoli vegan tao tao sweet,Montreal
bugger risk landlord property eviction dougie rich advantage conservative,Toronto
man anymore water seriously worse coward,London
ontario worst multiple college international student false fake promise employment worst doctor shortage province bc fix latest reform infrastructure development alright alberta worse mile behind bc quebec,Toronto
man offer half meal deal invite fancy common older men uk rather soon sorry,London
continual cop reform despite bill ready checkhttps politics provincial ford government delay serious government conduct ford government health fail provincial checkhttps news ontario health report ex chief mark saunders position zero checkhttps report proof mark saunders ontario special pretend protect greenbelt,Toronto
crazy lately sense literally late connection others interracial fine tone attractive older connection east london london,London
paris vu crottes trottoirs eme petits vieux baisser ramasser alors quand touche pa crottes sais pa,Paris
bakery match item menu idk pastry sausage roll belgium £,London
laval brossard longueuil repentigny terrebonne vaudreuil dorion montreal driver cross montrealers toll island,Montreal
travaille defense deteste aller trop monde pendant heures travail quartier soir aucun espace vert super chers mauvaise qualite defense arrivant matin rer ca,Paris
si interim voici avoir travail tres rapidement cv interim chaque interim h apres avoir cv savoir bien ete savoir donc vont dire vont peut etre dire cest partie importante h ca fait pa chier ca pa ca montre justement veux travail sais facon matin si pense ici semaines max travail,Paris
deja problemes similaires joindre medecin famille quand meme tres importants jamais reussi avoir rendez telephone rarement ligne pointe reception rendez rapidement ca peut etre,Montreal
currently government another rail rebuild rebuild ugly yellow addition liz classic uk rebuild totally liz platform central rather international generally grant nowhere major,London
hospital em patient straight room patient bed report patient via em bed,Toronto
susceptible harm insult baby judge facial expression body language miserable,Montreal
pilot waste anymore drink conduct deal canada toronto baby citizen drink laughable drink outside condo turn drink inside apartment toronto,Toronto
pa pisse chien probleme pisse rue sou ponts ruelles parcs vieux mecs pissent partout beau installer partout deja vu gar pisser pleine rue journee grand calm bande meme siege depuis vu gar,Paris
typically download self promote personal trainer six body self act bond lesson healthy mentally physical aspect screen rise social medium aspect,Toronto
deux moyens avoir semelles etre pris visiblement serum pa ca bien ecole exemple petit etudiants quand meme si sympa,Paris
hi ivry connect paris paris bagneux paris paris subway rer ivry seine bagneux,Paris
paris beautiful sell napoleon cheap € unique definitely beautiful,Paris
trip abroad single london trust,London
ukrainian interest land state agricultural land land sit empty government benefit agricultural land land produce consume compensation provide government land implement usage government unused property original purchase property force landlord tenant grant property special tenant ltb claim file anyway,Toronto
government hold attend attend,Toronto
aim skill international speak english average luck manager hell,Montreal
regardless behave hurt fairly serious sooner together apart vigilant ideal,London
involve gang likely become victim gang london safest basic smart fine,London
weird older upstairs couple young cry ever baby noise flat others v definitely floor board creak creak bedroom completely significant noise realise unlike kind shrug activity unreasonable,London
london tourist necessarily picture special comfortable share picture read,London
mile overall commute commute frequency likely ride branch,Montreal
immediatement apres avoir passe porte homme arrete bloquant porte tout monde derriere arrete tous pognes porte escaliers ca aussi francais manque « situational » souvent arretant bout escaliers mecaniques entree porte lorsqu autres monde derriere marchant cote cote trottoir pa assez laisser passer autre,Montreal
search game football,Paris
tesla lifetime minimum hell essentially necessity specifically,Montreal
mid grow grass syrinx sit lie witness share weird village gay bring wave gentrification push room descendant faubourg lasse safety gay necessity neighborhood wave feed plateau rise put pressure historically anglophones plate ontario village neighborhood pressure frontenac hochelaga gentrified airbnb flipper chase nowhere drug pandemic link mentally ill cast crack male female prostitute split saint catherine ontario alive roof anymore revert balance era current worst ninety hell angel v rock machine skinhead cobut sad invest communal kitchen roof addict reduce harm fight right chase advocate serious investment social flip contribute buyer historically rental income sorry rant lest forget faubourg,Montreal
program gang drug frustrate drink idiot camera extreme organize neighborhood resort,Montreal
establish massage therapist advertise clientele newer therapist massage therapy relatively doubt receipt insurance register order,Montreal
pareil deux autres commentaires pa bon techno dj adore decu qualite tres tres ba contre si e pa tant attache ca dj veux passer bon moment endroit sympa,Paris
certains parlent tres fort comme personne autre certaines cliche certains plat plein ete servent ca pendant touristes tout ca plutot,Paris
wild medium report besides interrupt jump onto colder desperate,Montreal
loblaws quality meat produce pandemic downtown toronto fresh meat fish produce meat butcher healthy butcher refuse loblaws leaf garden clear cold cold produce meat terrible size grind beef bring middle grind beef tube game,Toronto
comprends tellement accent probleme quand quelqu toujours demander fout gueule pa faire ca inconnus gen,Paris
huh… $ grocery cook meal flyer advantage discount inflation product altogether discount vegetable pre meal mind product,Montreal
famille ici deux enfants quelqu peut expliquer simplement comme ca prendre genre gare nord tour eiffel exemple meme si doi venir x systeme etre merci,Paris
regular tourist visa valid roll period guage perhaps digital nomad visa wwwimmigrationca canada visa target digital nomad remotely,Montreal
ete plutot trajet lorsqu compagnon voyage mi operation sou siege deja attention rise deux,Paris
dumb ass limit zone faster full major camera zone copsi useful idiot rage idiot cuz full zone lane afterwards dude stare realize star coward blood boil idiot speed limit zone influence driver safe wish worst,Montreal
ride island yell twice south shore block window yell bike path bike path pleasant lack civility unacceptable,Montreal
trouve commentaires sou certains immobilier parcequ exemple quelques semaines trouvait rien contre agit construire levee sans nom,Paris
room colorful roof tourist constantly picture tbh annoy vigilant pull curtain room peace aware inside constantly observe peace annoy bedroom window tourist picture picture hide asshole definitely picture,Montreal
involvement heart ache affect request wish luck peace,Montreal
eg crosstown finish currently force mess yonge eg simply forward head west,Toronto
favour join climb wall brixton full weight climb climb fantastic full body stability control satisfy social trust,London
fontaines eau potable toilette publiques panneaux regulierement strategiques hauteur yeux panneaux ratp surtout bon sen oui bon sen nord pa bon sen pa bon sen sen quand leve yeux panneau vois meme sen panneau,Paris
promener drapeau palestine cette semaine envoie vois etes tres contente civils israeliens ete tues teroristes ca shani louk cafavre paradee rue resultat tres previsible,Montreal
indeed sentence typically sentence sentence order v onca canlii v onca canlii,Toronto
personne marchait bout autre tout trajet debut etait telephone parlant fort quand parler langue sans telephone juste main levee comme si faisait tout monde sais quoi tout monde etait rien dire,Paris
tour abandon love proper secret tunnel tour round secret mail tunnel tunnel,London
alley sidewalk hide garden unique artist representation ruelle maihttps ireddit oufqnbjpg hundred kilometre exact describe hide garden babylon eighth wonder uelleshttps oldredditcom uelles accessible corner create alleyway metastructure simmer decade venice amsterdam canal montreal ruelles ruelles,Montreal
multiple cross cross south cross south,London
past demonstration facility tear oil fire fire fire truck release wwwtorontoca news toronto fire celebrate fire prevention resident cook safety saturday october firefighting rescue campaign safety saturday october toronto fire host fire prevention toronto fire academy eastern aim promote fire safety various firefighting rescue demonstration,Toronto
vu mec gros gueule gen ligne parce selon rame etait bien trop pleine allait pa pouvoir vrai rame etait bondee quand meme bout ca commence rame autre mec pousse dehors rame parce etait femme facon agir,Paris
province clamor spa mind dead bird decade lease lack transparency lack assessment ontario taxpayer,Toronto
provide water paris maintenance map info travaux october th four friday,Paris
epoque grand pere annees certaines personnes france depuis chine sans ni francais ni meme aller autre epoque dent etait petite historique,Paris
condo median wage property value solution property value median wage double toronto hell middle property wage,Toronto
dface third shadow michael reeder yet cover maphttp artpublicmontrealca collection carte categorymurale saint laurent sherbrooke pine,Montreal
favorite london church religious beautiful quiet sit surround history anytime london,London
imo site file rfp pedestrian design final,Toronto
fine mostly english link page firm blue hf osler fasken idea calendar contact calendar luck,Montreal
male attract counter secret,London
london advice random stranger conversation sex emphasis random stranger,London
believe wfh agree wfh society article though completely tone sense,Toronto
monday medium release representative customer major canadian connect g text stream ttc subway system,Toronto
entertain kind ah montrealers dead scar anyone stfu risk cry confront right picture,Montreal
fry poutine soggy board fry crispy gravy apply count recommend fry province discover recommend fry zero texture integrity fry soak gravy period,Montreal
sorry london western easier wise spare size encounter exactly reddit cruel,London
unfortunately opinion history various detail version,London
paris mi obviously parisian ground,Paris
comme chien tard soir heureusement habite e entre deux ouvertes h viennent chez dimanche vers h heureusement super pa loin ouvert jusqu h avoir vecu cote nord apprecie luxe,Paris
popular opinion race instead class class minority commit crime class commit crime class require major nearly measure action class race,Toronto
exhibit except accessible driver nearly dozen driver block box,Toronto
multiple shelter feed regularly meal various organization shortage,Toronto
black asylum seeker fund ukrainian asylum seeker fund provide asylum seeker,Toronto
saskatchewan impound vehicle highest ponder calibrate breathalyzer district sub,Montreal
paris devraient etre gratuit gratuit francais fait deja majorite budget peu navigo budget pourrait etre importe quelle supplementaire region personne ceux deux tous gen ici parlent tarif tres ba jamais regarde vie prix navigo budget,Paris
principalement deux depuis sortie covid manque conducteurs mal meme cote maintenance sou cela tout ca forcement temp attente,Paris
recently worse folk tick cruel send worry become mind,London
ashe member pickering anti black force shock robinson ashe highlight damage impact councillor robinson suspension consequence action decision ashe reflect necessity integrity council maintain ethical standard strongly responsibility action false comparison black hurt guide,Toronto
france uk encounter interim pleasant,Paris
quick paris conservative estimate single men men apps apps card stack paris estimate official exclude apparently men chase fewer tinder queue match relationship estimation right,Paris
pardonnez francais pa tres bon answer english idea warm amaze winter mid february ski glove decathlon merino wool sock leather boot timberland snow boot decent winter jacket weight easier snowshoe tube must mount royal slightly adventurous cross ski jean drapeau february montreal lumiere art nuit blanche tonne activity music concert museum winter heavenly fresh snowfall ice skate plenty rental explore pathway cold pop cafe quebec carnival icehotel,Montreal
ligne paris vers fontainebleau mec marchait ligne toute force veut tous sol sachant avant pouvoir sortir ligne fontainebleau vers paris sdf viens demander pa vie tout ensuite veut serrer main main etant serrer main pa envie faire ligne verre fait truc dedans tard etait crack peut etre plein autre depuis covid apprecie vraiment,Paris
moment steal multiple victim solve,London
american france bread grocery monoprix carrefour bread bag slice bread bread closest typical american mie mie nature monoprix p,Paris
release ignore whether race religion personally believe latter,Toronto
neighbour loud tv loud pm tv loud dog loud dog,London
convenient opus card load onto travel load opus card effective journey zone ab seamless transfer trip,Montreal
announcement spanish version extremely,Paris
agree pandemic standard rarely stand,London
idiot consequence bike fine punishment kind,Toronto
hem coat order hem design hem agree £ cheap worry cut corner twice,London
bear mind sainsbury cut choice little lunch,London
asylum seeker international student quiet loud asset,Toronto
passe quoi si physique mieux mec fasse violent personne risque faire quoi suite selon mieux laisser couler vivre autre jour,Paris
hell trust shoulder safe late sorry thank share return,London
traffic safest opposite vehicle rather vehicle behind safe require vehicle short,London
relativement classique etait premiere fois donc ca choque enfin maintenant disons ligne fin apres midi rien vraiment suspect premiere vue quai mec commence baisser litteralement pisser devant tout monde rail ca fois papier moment vraiment pense allait sans pression laisse papier marche direction quelqu vient arriver demande quelque main,Paris
tough position metrolinx ct responsible construction schedule protect contract secret major claim compensation ct metrolinx tough legal position claim unfortunate rip metrolinx contractor renovate double promise blame construction contractor,Toronto
item peut pa avoir deux prix affiche seule peuvent faire charger frais supplementaire ca doit etre clairement indique peuvent surtout pa facturer autre item dispendieux commende ca fraude,Montreal
hell jean paul sartre liberate rock flow perfect rule agree,Montreal
similar handle gun nosey neighbour gun unlike single officer turn realise suggest slightly nosey neighbour,London
vraiment laquelle encore souvent alors ca passe histoire suivre donc plein ete mec epoque copine espagne prend donc rendre aeroport bonne homme fils parce valise ni ni deux passer cela calme pa commence insulter particulierement genre insult entend souvent quand femme ete trop partir espagne alors fait pa gar insulter fils annees laisse couler passe autre tout coup regarde dessus epaule voir vois mec quelques etait regardant yeux etait comme si tout etait bien pa choque sou fait souvent vu pere faire ca devant pire cette scene tellement choque rien dire rame petit tout seul pere veux beaucoup avoir pa pu changer vie si crois etais trop reagir,Paris
operation pa tout donne quel prix vais devoir faire aussi pa paris prennent mois donc pa encore vu,Paris
# upvote downvote reminder image appreciate upvote love downvote upvoting downvoting image control subreddit bot action perform automatically contact moderator subreddit compose london concern,London
reasonable doubt standard judge reasonable doubt offense head technically acquit judge others obviously thats goal,Montreal
shelter worker mental health medical province solution ttc worker ttc somehow manage suppose ttc solution insult bloc,Toronto
prefontaine village wonder verdun although neighborhood rich safe,Montreal
gar copie colle pourrait appeler riant opinion plusieurs comment op fais raccourcis intellectuels dangereux pa dignes gauche progressistes parles sonnes plutot comme quelqu fait partie culte incapable nuance,Montreal
fondu chinois peux acheter version gaz utilise moins trouve autres ensuite faut juste casserole fondu sais pa comment dit francais permettant differents trouve super chinois cote art e ca fait pa faire cours e pire peut utiliser casserole normale enfin utilise pa assez souvent,Paris
si marque importe peu sou marque fabrique carrefour fabrique donc fabrique israel deja quelque temp proximite moins trouver forcement peut etre meme fabrique dur trouver,Paris
sus delay report claim tag policy identify vehicle receive deny,Montreal
annoy transportation argument whether argue,Toronto
france pa avoir differents trajet automatiquement ca serum probablement jamais determiner combien doit payer faut signale debut fin trajet sinon pa moyen determiner quelle donc moins faire declaratif esperer parisien moyen faut bear sortie installer bear sortie tous projet securite flux parle gen problemes flux donc ca veut dire installer etude chaque sortie travaux faire sortie pa donc pense rendre reseau seule sortie refaire seul flux gerer travaux cet unique flux tout ca pa acheter bon sachant majorite particulier carte personne tel argent,Paris
must uniform route tube,London
sapa laurent vegan bahn mi fake chicken beef vegan pho soup vegan ice cream oh hand card reader tip super,Montreal
doctor list apply oh appointment millisecond gonna luck,Montreal
pet folk put pet pet due fair,London
beginner right incline believe demand assign immediately beginner apply centre desperate,Montreal
gang south mostly brixton significant gang estate estate literally plenty everywhere sub thin music obviously,London
lunch breakdown saw turn guide tour parliament several bike sit single shirt canada,Toronto
meme voir etant quartiers genre meme tant femme si viens coin tres calme france sans beaucoup risques etre surtout beaucoup gen dehors tout heures grand ca veut pa dire faire chaque coin rue si projet terme tout nord parisien gentrification bien prendre beaucoup comme autres banlieues style clichy saint montreuil vient aubervilliers aussi ca venir,Paris
canada young young feed political choice government party generation,Toronto
hey london girl similar position apps coffee example along similar recently love politely approach scar sense body language luck,London
put windmill lane london convenient wife football perfect windmill pool example wwwrightmovecouk property # wwwrightmovecouk property #,London
indication recommend club hike travel idea,Montreal
beau tellement beau chef grand pense pourquoi pa courir grand region,Paris
villeray orange downtown transfer outside flat zone taxi surge uber slightly value uberxl luggage likely taxi,Montreal
state judge scene half dozen interracially specifically black black simply approach black blue clear usual hey black put simply rather approach concern delight approach,London
sit whole dinner fantastic idea parent sense social impact enjoyment,Toronto
collective fault floor floor everything miserable,Montreal
advance piece solve put grand remote easy fix nick another sale,London
double property vacant short term lease count occupancy heavily short term lease property limit short term lease similar bullshit implement vacant retail,Toronto
girlfriend power together chat drink somehow finish girl heart third,London
si aime ravioli chinois ravioli nord rue saint denis fait maison tres bon rapport qualite prix sinon man rue tres bon libanais enfin classique rue,Paris
dog target control express feed neighbour rid,Toronto
design wise mess half min victoria,London
forever average rid subway,Toronto
quelques mois regardant portable quand entend bruit tres fort travers casque bruit leve yeux vois tout monde regarde direction mec tete contre porte pa peu fort arret suivant,Paris
east west connect pickering mississauga pearson another connect markham hill pearson,Toronto
product clearly produce create product,Toronto
eg central london mostly tourist central london saturday pm load drink eg popular young pm uniform mess music pm half full older resident calm tldr everything,London
uk literally provide personal info random engage response london strange,London
little story travel waterloo via waterloo head waterloo,London
toronto screw become unaffordable hell hole government investor condo apartment deal insane gas insurance ttc somewhere min quality anymore average toronto,Toronto
ecole font semelles debut rue sainte anne tout coin opera faut prendre rendez tout,Paris
mostly english music france belgium rap middle eastern arabic rap quebecois music goodbut resonate occasionally song radio quebecois music clarify,Montreal
personally random conversation route respectful social medium force court,London
double waterloo across cold hit royal hall oh sit across tourist thank heaven london american finger electrical love,London
feed province squat fund transit toronto highway toll gas advice transit fail,Toronto
traffic ttc terrible downtown subway construction solution terrible fix alternative worse,Toronto
spanish product bean rice meat though man meat quality bread bakery bakery,London
unfortunately extremely force deal mental health hit emotional moment relate wild personality disorder trigger tough moment extremely current put become put relationship forward emotion trigger inside head deal put teach important lesson put late gym emotion love,London
batshit finger driver pedestrian pedestrian finger cyclist driver driver finger cyclist pedestrian insane hell wrong wack middle star cyclist swerve bike lane warn signal driver red turn middle intersection cross pedestrian cross reprobate range rover fair intersection cross right brake literally middle cross star windshield smoothbrain rid scooter mobility scooter sidewalk pedestrian gifgiphynmhpkmmparu,Montreal
bonjour deja paris autour billet paris aussi valable interieur paris sais valable exemple denis gare nord ligne puis rer aeroport savais pa si utiliser aussi interieur paris gare rer exemple prendre ligne direction gare nord ensuite rer aeroport autre billet rer site ratp pa tres donc demander,Paris
butt drink bin fire smoke choice mindful others,London
lead radio former head radio,Toronto
seine palais justice pont saint michel depuis quai saint michel paris seine palais justice saint michel quai saint michel paris th,Paris
black cab refuse journey several flat refuse south several mention delight forest hill,London
surprise surprise communication former staffer ford government manager communication associate conservative politics across canada p spa door conservative party clear,Toronto
# upvote downvote reminder image appreciate upvote love downvote upvoting downvoting image control subreddit bot action perform automatically contact moderator subreddit compose london concern,London
delivery deliver apps convenient wider range hurt delivery though pizza rotisserie chicken restos offer delivery,Montreal
# upvote downvote reminder image appreciate upvote love downvote upvoting downvoting image control subreddit bot action perform automatically contact moderator subreddit compose london concern,London
order cancel order random item grant delivery mandatory delivery order deliver delivery another,London
quiet hill love easy peace quiet ideal wwwrightmovecouk property invest stamp duty across south london east perfect bed flat,London
employee thanksgiving send collapse,Montreal
vendredi paris apres grosse journee rame etait plutot bondee rien rer heures pointe cite universitaire ceux pa particulierement mal espace entre quai peut etre certains endroits pa mal personnes cette soudainement mini panique demarre comprends pa tout suite passe plusieurs personnes recuperer quelque espace entre quai casque bout font comprendre quelque enfant plusieurs personnes espoir recuperer hauteur quai rapport rail plutot enfant donc devait pa etre assez grand prendre main suppose vu jeune age devait etre etre panique plutot agir maniere sortir cette raison encore fois tres jeune personne comme pere etait personne visiblement finit meme rail recuperer meme moment porte personne proximite enfin permettant rer allait pa enfant vie semble avoir aucune physique contre ca bon traumatisme bref histoire finit tout meme bien ca pu clairement etre pire espere cet enfant bien cet pa trop prise commun,Paris
answer chain across england support independent amaze independent london refuse chain insist,London
notice put bag block others sit become amount bag,London
thermopompes outils formidables ameliorer efficacite chauffage conseille generalement gen envisager lors remplacement appareil chauffage fin vie eloignons gaz appareil chauffage electrique bon moyen bruler argent si clim si envisage installer murale centrale aucune raison pa acheter deconseille surestimer capacite chauffage sauf si peut acheter beau systeme deux stage $ meme ca capacite btu h nominale meme si cop reste respectable ceci etant dit agit ca particuliers hivers doux devras toute facon avoir chauffage auxiliaire electrique gaz backup debattu frigoristes usure accrue due pressions fonctionnement elevees refrigerant pressurise degre beaucoup eleve rechercher energie thermique difference temperature importante jour pa vu beaucoup preuves anecdotiques augmentation pannes craint logique travaille domaine cvac donc sujet passionne gen pensent pa vraiment moyens lesquels creon chaleur facilite laquelle gaspillons reussi realiser nombreuses economy institution publiques heat pump fantastic heat efficiency generally council upon replacement furnace gas electric furnace burn ac ac mural central reason caution estimation heat capacity stage system $ nominal capacity cop respectable edge winter mild auxiliary heat electric gas backup anyway debate refrigeration journeyman wear pressure refrigerant pressurize degree thermal energy temperature difference anecdotal evidence breakdown concern logic hvac topic passionate manage create save institution create heat easy waste,Montreal
believe majority vote bloc via policy threaten bloc property value investment fuel fire effective fund resource consume revenue corner concern incorporate elsewhere fall behind suppose short risk pop,London
alors pa paris ca parisien parisien tram parce gen regarde quand fait parisien tous viens ca pendant genre,Paris
coffee east central secure remote spot interest,London
vers defense attache propre regarde dent haut tellement elles crois comprendre pourquoi mec tout dessus tel pieds,Paris
cet endroit parcequ budget avoir tres artiste si ca toujours decu endroit sympa vrai si aim,Paris
language force single francophone interact speak language faq pin sub bet reverse nearly toronto vancouver calgary edmonton winnipeg sub wonder,Montreal
uk protect church land abandon convert flat quality church wall budget church reasonable church sell individual,London
ttc midnight min uber cold yet suffer drink,Toronto
develop spanish busy,London
sorry pillar eiffel maintenance picture floor pillar acces,Paris
suck bring bug suck bug travel anybody jump onto judge unfortunate stand ttc thank tip,Toronto
e e vers aime beaucoup cet arrondissement vecu pendant etude quitter quand emmenage compagnon pa assez rester appartement,Paris
realise result ideal asap repeat cycle girl anyone yet lovely girl older older mile girl anyway click together though,London
short research project agree organization staff meal,Toronto
payer titre suffit feu paris faut sm montrer conducteur trouve carte tellement mieux encore sm recent avant pa appoint faire comprends pa pourquoi comme paris pa encore mi ca,Paris
document garage province announcement firm secure contract ontario province clear obligation responsibility original development state taxpayer financial design construction propose facility ontario,Toronto
current rental protection threat province wwwolaorg legislative bill parliament session bill wwwolaorg legislative bill parliament session bill push doug ford policy perfect deal government,Toronto
claim witness spvm utterly useless montreal luck construction worker sham social medium tag useless,Montreal
torontonians toronto measure discourage subsidize resident property ttc fare $ $ fare slightly infrastructure,Toronto
plaque commemorative periode laquelle cone trouvait legende dit cone quitte vitrine commerce lors conquete coupe stanley canadiens montreal repose paix,Montreal
ligne heure pointe rentre travail casque epoque rame bondee comme habitude donc contre porte oppose sdf etait meme bien alcoolise pa attention evite contact pa faire bien ca marche pa leve casque pousse personne juste cote dit rien gros metal bon file casque sauf pa arret tout monde chemin rame excuse aupres jolie dame pousse rame deux carres loin devant porte peu epaule dit crois casque ah vrai desole descend ensuite peu dis merci tous aide wagon arret ensuite peu honte pa avoir honte bon,Paris
immediately outside angel selection another stand outside otherwise selection upper,London
offer treasury bond council treasury split bond holder sell buyer bond holder reasonable return,London
offer spa offer land profit infrastructure benefit resident tourist land provide employment provide revenue subsidize,Toronto
prohibit certain age prohibit certain reason race,Toronto
oui faire grandes tour mettre dedans demande apres plaindre problemes tour mi plein encore pa,Paris
flat economy meter previous tenant report vers screw notice temperature reason automatically energy heat tank unit consume energy maintain temperature unit consume x consume easily bill £,London
mention cat property mind cat estate agent spare usual estate agent,London
throw mental health crisis,Toronto
habite justement e quartier quand paris ado mi loyer pa tellement cher ailleurs paris impression avoir fait peu tour beaucoup beaucoup touristes toute vers cafe saint etre chers touristes autres difficile certaines rue rue tant monde principalement grande pa milieu meme si moyens quartier image alors oppose etait epoque rendu artiste laisse art petits commerce salles spectacle boutique luxe con rue belle send toujours centre paris historique enfin celui siecle emplacement ideal deplacer quartier lequel reve passer temp,Paris
beaudry attack blood everyday gym,Montreal
paris weird tourist native busy suburb paris interest suburb,Paris
salut si vois chantier inoccupe ca affecte invite faire plainte sans ca difficile justifier changements citoyens bonne voie impact mesures observe chantiers difficile faire bouger choses montreal si ca bouge peu tous jours arriver quelque mieux bonne transit conjointe,Montreal
music mcgill gender specific clinic access alterheroes neurodevelopmental disorder counsel neurodiversite turn trans,Montreal
appreciate speak native speaker speak english bonjour merci appreciate,Montreal
bank draft fake clear certify bank offer anymore offer bank draft interac limit bank wire safest seller buyer trust seller transfer wire,Montreal
parisiens pa cliche tout monde sans paris pa pire ni mieux importe quelle autre france compatis expression accent vraiment pa tres agreable gen font ca paris malheureusement cela aussi pa bon voyage tout meme,Paris
record involve involve fine,London
london begin ever asap couple likely pop,London
mind g focus support trans g easy target,Toronto
gros probleme acheter toujours etre prix meme marque budget vont quand meme vendre shirt $ travail maison donc realistiquement seulement besoin genre shirt vie beaucoup difficle vendre ca famille monoparental enfants mettons style tous aussi diffcile honnetement vois pa acheter ceinture flechee si faite chine personne fair parce realistiquement pa temp donc pa marge faire dessus e pa mal,Montreal
tendance tous meme restos comme h toujours faire leurs table discuter table autre entre mal sans doute,Paris
regle quand install endroit parle autre langue apprends pa necessairement niveau faire dictee bernard pivolt sans faute suffisamment echanger gen fait gen vont apprecier,Montreal
decrease dependency centric infrastructure instead campaign easier driver campaign transit system serf outlying suburb cyclable walkable,Montreal
obviously suck shock travel concert young man slice music mile gaza border rich overseas buddy couple party drug glamor selfies automatically fate kharkiv piece advice,Montreal
accuse licence suspension vehicle impound accord release sorry suspension license suspension,Toronto
pa unique plusieurs intersection rev denis sans lumiere dedier velo ca tout temp conducteurs semble trop aveugle faire distinction entre fleche cercle complet vois tous jours sans piste cyclable,Montreal
suggestion sole together rain romantic quarter latin sex paris secret tattoo paris tattoo pretend hit tour beautiful cv version picnic shoot box shoot eiffel,Paris
offre montant declarer saaq aussi montant frais propos tout paprasse honnetement vendu pi pu probleme vendu poubelle tel quel rien cache rouille visible donc disons anglais leg stand peut rien faire combien montant vehicule,Montreal
wwwrecycleyourelectricalsorguk electricals campaign useful interest info electricals item functional believe waste product product,London
apparently sex addict,Toronto
bf alberta dual swiss citizenwho speak fluent v anglo quebec resident mandatory class spread language amount graduate quebec mandatory class history quebec canadian nuanced quebec nope tuition,Montreal
american connection london pandemic turn neighbour infestation route little,London
cautiously insurance patient fabric protection sofa mobilier urbana guardsman exclude pet seam structural damage claim stain claim super complex online detail mail paper send packet online send technician technician fix serious cleanser older chatty story grow montreal insist stain serious tldr persistent claim match insurance comerco similar,Montreal
victoria tube evacuate cop whole instead scar annoy pret full wonder commute london beautiful another celebrate pub stand outside pub whole football crazy pack tube smoke bomb evacuate celebrate block somehow become common shrug shoulder forward bother rain cab hurt stupid amount christmas load,London
acces fleuve baigner pancartes baignade risques sinon jamais pouvoir profiter manque sauveteurs riviere prairie aussi meilleure gestion matieres residuelles arreter chaque logement mette sac vidange pleins bouffe rue ecureuils autres animaux mettent partout cloche endroits strategiques vraiment super avoir plusieurs bacs papier verre autre recyclage composte ordure comme nb ca provincial toilette publiques comme vieux montreal auto nettoyante ca derangerait meme pa devoir payer $ utiliser si elles propres papier toilette masse comme plusieurs belle fontaines eau potable partout pa juste petite fontaines comme parcs belle reviens suisse partout tout villes merveilleux meilleur systeme commun application mobile lequel peut acheter billet montre chauffeur directement cell voir temp reel rendus autobus rem capable entrer adresse depart adresse arrivee application donne plusieurs duree trajet transfer necessaires pa obliger montrer titre suisse probleme autorites font confiance si controleur prend amend salees vrai reve commun nationalise systeme incroyable quebec rem partis seule compagnie seule application mobile capable tout faire ecrit haut oui passe deux semaines suisse systeme commun incroyable devrait avoir meme affaire ici,Montreal
quality south bank suggestion incorporate somehow,London
landlord pet renter encounter lucky landlord dog dog clause unreasonable dog likely engage behaviour dog claim clause comply dog several another landlord,London
surprise anymore shopper rip walmart chain walmart cheap delivery delivery reason anywhere grocery shopper walmart cheap,Toronto
homme entre cafe juste derriere derriere autre gen achalande immediatement apres avoir passe porte homme arrete bloquant porte tout monde derriere arrete tous pognes porte escaliers fait pardon passer desengorger porte engueule citant manque patience generation tout monde entre derriere rit membre quebeclibre sans aucun doute,Montreal
annees deja saxophoniste jazz dame assez agee aussi tres petit grand etait tres beau finit tout deux discuter peu aussi club eme gar passionne incroyable dame agee etait tellement poche deux etait opera pa aller dit saxophoniste « etes grand alors donne sais » impression etre,Paris
gotta dump truck,Toronto
tous quand fils ecole vers champ mar tour eiffel rer passe seine tour eiffel ciel tout rise ponts tout,Paris
pedestrian nose wander bike path red menace behaviour driver respectful commute bike evolution bike path infrastructure resistance acceptance cycle montrealers complain though mostly complain everything anyway,Montreal
tannant quel quartiers centraux deja bien desservis actif collectif continuent avoir amelioration leurs infrastructure pendant quartiers peripheriques laisses jachere… rendu beaucoup vivre sans auto longueuil brossard laurent cdn ndg lasalle montreal montreal nord comprends faut commencer quelque dis pa pa proceder ainsi sachant serum sans doute ameliore agrandi chaque annee frustrant pareil voir quel choses progressent lentement,Montreal
downvoted truth moral ethical obligation speak frenchor english montreal speak english communicate suck everything write advertise suck constant reminder outsider basic insult waste forget promote x language stupid communicate fraction island recommend basic whether duolingo class fluent struggle basic convo suffer table generally respectful acclimate speak language personally speak english though polite zero difference,Montreal
correctly answer application timeline reply cite universitaire cheap france apartment,Paris
doctor send request urgent polyclinic maisonneuve rosemont hospital luck,Montreal
couple lexus vehicle steal exact ttc provide security another steal elsewhere ttc apparently,Toronto
potential little installation conceptual art conceptual art art interest art fund involve art contemporary art associate party terrible,Toronto
certain difference right downvoted right,Paris
parent proof attend english canada eligible eligible enroll emsb become permissive government doubt,Montreal
travaille defense pendant avoue apprecie pa cet endroit extremement mettre vert quartier construit dessus sol donc complique mettre verdure avoir eau faire grand arbres trouve certains quartiers paris defense aucune aucune culture vraiment juste quartier affaire bonde semaine weekend simplement centre bureau aucune vie quartier aucune architecture grandes tour verre surement certaines personnes ca touche pa bref pa truc,Paris
weird tick list realise lovely little mention put though hit middle divorce although must strange whatsapp profile pic,London
rer devait etre h crois copine allait vers peu avant villiers remarque passe plusieurs fois travers rame regard fou main cache copine sait jamais villiers pa mal monde descend mec quai comme quelqu coup commence femme passe quitter juste apres vois litteralement meme meme moment route impression niveau sortie gare ca pa mal arrivant signale truc staff nuit info gare dit ceux devraient etre tout ca espere cette femme rien avoue avoir entendu aucune info,Paris
citizen nato brain ray short range unlike russia range brain reprogramming system power brain ray afternoon peace democracy anxiety evaporate reassure slight tingle spine collapse,Montreal
decouvrir groupe google nom groupe paris trouver concert acheter fois maintenant demande meme si groupe passe juste quand passe,Paris
risk whenever ambiguous signage fire hydrant gonna windshield wiper legal clearer,Montreal
beaucoup commentaires parlent quelques mois vois beaucoup beaucoup affaire rue mention « » bien,Paris
various heaven sausage roll £ peter,London
wwwlegisquebecgouvqcca fr document lc wwwlegisquebecgouvqcca fr document lc nul peut immobiliser vehicule routier endroits suivants intersection pietons ni moins ceux ci,Montreal
lane narrow speed cyclist battery cycle scooter,Toronto
ligne pa heures pointe souvent oublie connais pa cette ligne ca doit pa etre rise,Paris
partage opinion gen courtois savent comporter japon tout contraire bordel vivant mourrial genre habitant ordonne propre mourrial ba surtout gen plie pa caprice minorites veux vivre japon parle japonais agit japonais attendent ca etranger normalite meme,Montreal
europe apply roll position former partner toronto young smart late,Toronto
concrete tool voice donate e ontario instagram twitter save ontario science centre instagram twitter social medium latest premier ford toronto landmark write councillor mpp mp ontario science centre fall folk fight save advice elect representative councillor mpp mp ontario federal government impact assessment act review province mention mp,Toronto
bullshit couple head toronto across lane piss clearly create highway stupid race shoulder lmao,Toronto
recommend landlord rather agent property manager pet policy fairly cat lucky,London
article canada ground montreal pilot mostafa ezzo unacceptable social medium hamas attack israel weekend ezzo share image wear pilot uniform palestinian colour hold hateful anti israel,Montreal
grow generation london involve worse comment concern lately fund everything brexit,London
tinder passerelle cafe mini tour paris,Paris
international study international english example clinical trial management others nonetheless government offer,Montreal
another transportation traffic,Toronto
launch development crosstown disaster disaster must sleep fund,Toronto
surprise dirty london due culture parent additionally contribute factor,London
connais bien cette intersection chier premierement transforme sen unique virage gauche interdit quand viens lorimier vers sherbrooke beaucoup gen prennent lorimier pensant grande rue font fourres rendus pa choix tourner droite transfere tout traffic vers papineau rachel autre intersection problematique virage droite hardcore parce butee separe piste cyclable jusqu bout gen arretent jamais avant quadrille rachel pa critique piste cyclable butee raison faute gen arretent quadrille quand roules lorimier venant sherbrooke tout traffic doit concentrer ligne rendu intersection ligne gauche tourner gauche seulement sais ca sonne comme chialage automobiliste quartier residentiel raison probleme lorimier rue residentielle utilisee comme grande artere tous application direction automobile font passer lorimier,Montreal
montreal vegan montreal august favorite vegan leaf couple vegan coffee delicious vegan pastry recommend danoise bleuets blueberry danish amaze montreal burger fiance vegan burger style homemade burger contain walnut allergic fry vegan chicken sandwich amaze swap burger double highlight kimchi fry twice trip bloom sushi vegan sushi regret sooner love return absolutely fantastic across board order sushi roll absolutely highly recommend additionally copper branch umami ramen conceria delicious vegan italian burger fiance folk upstairs jazz vegan eggplant parm menu decent though music worry,Montreal
piss interest pardon today heat kitchen,Toronto
ryerson recent study late personally interest concert decrease dramatically retail rise amazon yonge nearly decade selection elsewhere state yonge immediately depress pandemic widely responsible recover ryerson interest stretch rock cafe interest yet another shopper,Toronto
tous semaine quand rentre bureau banlieue passe bande cyclable personne plein droite belle piste cyclable demarre panneau paris,Paris
system record activity neighbour inside fine video evidence quiet crazy door video landlord solve,London
locate champ mar jean google map game unfortunately,Paris
toronto truck staff decade residential blue box yet bid province reform system staffer contract secret provincial system force read request proposal rfp bid toronto collection agreement star manage detail staff concern privacy contamination standard waste manager raise red flag clause contract collector financial penalty four per cent recyclables waste current contamination per cent despite campaign put box blue bin program ever four per cent contamination result continual compliance contract accord report report raise concern whether recyclables waste transfer concern collector,Toronto
cannot internet consent whole canada anyways right privacy regard land although picture intention inside internet consent apply cop renounce right uniform man picture complain cu,Montreal
gare fait marche arriere conducteur etait alcoolise fait sortir gare gen pa demande faire marche arriere,Paris
oui prendre rer visiter voir quoi architecture apres puis rentrer paris dire comme,Paris
ontario government block financial compensation legal expert cross dougie mind simply focus,Toronto
francais etes pa peux pa parler fallu autre fasse jamais dire apres bouge amis faut pa avoir,Paris
penalty kill pedestrian cyclist drug involve wwii toronto kill pedestrian sidewalk kind suspend licence toronto ttc,Toronto
pa juste paris ca faut faire dehors sport club jeux gen certains entre groupe amis verre exemple aussi si e arrivee france cours peut etre endroits gen terme quand langue culture commun quelques mois apres refaire boulot bout moment finit voir finit manque vie sociale vu voit meme collegues tous jours,Paris
comparison graphic transit transit bicycle bicycle nov april dedicate bicycle path shore tend occur mostly mix bike path,Montreal
right opinion unpopular antiquate inhabitant rethink rely sense,Montreal
random approach reply somewhere example random intention mindful,London
exact asian compare quality dramatically trust,London
pop district pub double feature season academy feature wall discover favourite story,Toronto
article highlight accord ontario rental registry design profit vivre launch bring information renter landlord policy province tenant comparison mike director centre smart partner launch vivre university toronto deal rip widely province tenant control apartment hold relatively ontario control tenant landlord renter black hole information neighbour transparency otherwise worst landlord tenant link article relevant registry,Toronto
hi quick purchase london terrible sell slightly anyone advice offer,London
suggestion pub mention pub host advice,London
term interact contact london,London
temp immemoriaux privatise partie soiree genre h h juste employ apres etait ouvert tout monde conjoin pouvaient alors arriver reste soiree traiteur buffet etait ouvert h fermait tab fait ca annees aussi fait restos platte fait party noel jeux arcade jeux virtuel platte ceux aiment pa jouer grosse compagnie faisait soiree cocktail souper dj,Montreal
toronto drink saw recruit sit black girlfriend mid recruit,Toronto
sorry mix review agree suck majority wrong favour introvert indian immigrant ridiculously easier anyone british men apps seriously travel partner indian passport anywhere visa travel obviously limit personal men apps ugly extremely mental physical health apps attack previous relationship partner okay okay south asian introvert thread anxious everytime anxious match british voice accent text response though anxious rather apps men physical trainer therapy bill apps screw,London
english send elementary lifelong advantage quick english lcc selwyn,Montreal
solution relatively international student university provide student residence international student student reasonable international student international student exactly easy review picture residence student apartment unused student starter unit,Toronto
vraiment pa besoin ligne vers deja construit ligne personnes province h jour aller travailler paris pa construire ligne inter cite deplacer banlieue autres banlieues ca peut etre aller installer banlieue prix moins,Paris
paris cheaper comment paris,Paris
connect vote affect torontonians vote transit cancel delay put doug ford majority elect councillor little ttc,Toronto
ah metre carres rue eme € salaire € relativement bien fait truc complique trouver metre carres sinon vivre faisable,Paris
crois declaratif moins partie contre bord temp reel fr search aidfm paris aidfm franchement assez affiche panneaux quai ca permet rentrer,Paris
host monday monday wwwfacebookcom meetupmondays wwwfacebookcom meetupmondays cafe pub host reduce pub repeat customer offer coffee,London
illegal headphone rid ridiculously silly bike sense although disagree literally proof stereo system headphone differently window blast stereo system,Montreal
aim « musee art paris » wwwgooglecom map @ayht datamemsxjtu wwwgooglecom map @ayht datamemsxjtu passerelle aim east,Paris
health screen london doctor clinic load cover basic medical health screen,London
kijiji addition marketplace facebook tip kijiji expand search list rental category landlord tag list,Montreal
apology halloween corner curious host horror performance room pin hole torch narrow decorate scary vein root touch jump scare central audience sit artist perform similar jump scare love trip merci,Montreal
lmao luck block path block grind ttc tunnel path convoy gonna anyways absolutely,Toronto
pa commence recemment donc sais pa si psy bonne voici comment trouve regardant donc ca prend temp chaque fiche pa psy fout donc serum avant tout rapport pa si fiche parle complex regle generale tour si fiche ca peut aider certains ca professionnel si fiche etait facon etait « professionnel aider » egalement quelqu pa quelqu aider enfin certains psy peuvent aussi faire seule seance laquelle aupres collegues si besoin bon tout ca,Paris
wow across short cut convince arcade game elevator action game bring amazon elevator action game,Toronto
sadly complain strategy employ together complain effective subreddit deal,London
gaza z verb definition unbelievably badly condemn erasure globe similar barbarossa hasdrubal nicholas ii usage wow adolf gaza eastern,Montreal
montreuil closest landmark hey definitely,Paris
info paris infestation social medium london pandemic travel thread thank anyone info,London
actuellement montreal salaire environ cad loyer pense mettre cote mettre cote france clairement appartement emplacement boulot,Paris
unite immeuble administrateurs paye $ mois avon compagnie gestion egalement si pa compagnie gestion considerez engager administrateurs doivent probablement passer beaucoup temp gestion ca veulent gros salaire,Montreal
wtf ttc soon tee ontario ex size oh customer suppose regular ride instead range rover state art secure,Toronto
kill fine suspension license license suspend suspension reasonable risk idiot,Toronto
heavy resource idk single must bring facility must convert value per meter middle men though value regardless value government project landlord property sell project renovate sell fund maintenance property property otherwise body protect repeat property involve project bring must sell fine agreement edge detail fill solution complain,London
ah rule class benefit doug ford half potential supporter yeah squat,Toronto
rule must frequent english language canada parent eligible english language subsidise english language quebec canadian qualify english partner australian presumably attend english primary secondary canada qualify rare narrow exception emsb lbpsb fill language instruction exactly france sole exception relatively historic minority canadian anglophones generation recently province residence latter category reside warrant,Montreal
terme abonnement € seance appartement petite pied semaine chaussures peuvent peu cher fonction peuvent bonne annee regulierement genre chaussures peux € regarde exemple souvent,Paris
lack due choice imo plenty potential match finger tip appreciate outside zone profile personality drink despite love co apps put men connection physical attraction realise despite rarely suggest black profile black attractive behave definitely race idea yeah term pic,London
doi gerer meme entreposage dechets jusqu jour collecte comme ca ca fonctionne partout quebec si immeuble pa poubelle commune procurer jour collecte prends sac depose devant immeuble laisses poubelle chez,Montreal
others hardest system quality treatment timely fashion example dad curable cancer girlfriend neurological illness access doctor easily access medication parent financially ruin dad simply dead opposite doctor random doctor immigrant,Montreal
association inter voir autour chez autour pa,Paris
six musical write toby marlow lucy moss director lucy moss jaz robinson julia pulo maggie lacasse production royal theatre toronto dec queen edmonton citadel theatre canadian production toby marlow lucy moss tony musical henry ill wife toronto luck royal current dec write british student university six wherever west broadway pre broadway citadel elsewhere wonder six song female design girl pop concert pretend dramatically engage piece theatre six character joke hold toronto tour six repeat divorce behead die divorce behead return crown band audience vote winner winner ill history order female band queen present julia pulo centre bring vivid personality anne boleyn winner catherine jaz robinson henry older brother along anne boleyn julia pulo england church jane maggie lacasse wife henry truly love song six crown reason tony various cast record download stream marlow moss write character act past present contemporary pop,Toronto
honnetement vais etre sans etre oublie tout suite personne arnaques moins moyens deja etant galere sans nom alors,Paris
article clear click shock president association canadian najc toronto province october bell remove piece dismantle estimate timeline provide najc ontario infrastructure bell ontario timeline state dismantle site bell begin monday october oct construction begin,Toronto
entre prix quartier touristes bonne partie cafe deux touristes font pression monde pa,Paris
# upvote downvote reminder image appreciate upvote love downvote upvoting downvoting image control subreddit bot action perform automatically contact moderator subreddit compose london concern,London
patrick covid hand absolutely love return brother wife mid busy stage hall various performance half hall display sale sale litter room otherwise dad pointless tee shirt lanyard patrick tee shirt lanyard boyfriend older research decide mystery box con anyway mystery box indeed con mystery box wife chat indiana jones co patrick chat peter voice stand afterwards shock yet another fantastic mention conversation indiana jones boyfriend forward story truly,London
pa avon probleme chien partout trottoirs oui oui peux animaux peux gen pissent importe avant parle,Paris
information steal newborn baby mention childcare information receive childcare mention baby newborn none baby period minor affect,Toronto
read article exactly kind clamor exactly rental imo,Toronto
apps seriously apps attention bore men match value match,Paris
crowdy rowdy expriencing tourist effect bore blase anyone minimum wage,Montreal
theatre box sell programme theatre bet pop another programme definitely fix ruin trip,London
speed limit pedestrian oakville suggestion km residential control bend total bend hit tree kill gotta km,Toronto
vu certains thread celui autre oldredditcom paris comment meme sujet parce gen ratp etait trop dur,Paris
constantly put genuine connection attention game definitely factor hit click genuine anymore ever anywhere easier hand invest genuine another put personality culture similar others black,London
strategy poll conduct oct torontonians voice record poll per cent support support per cent estimate $ rise per cent per cent per cent per cent,Toronto
parisian rip jean loud conversation pub loud stare certain rule litter warn,Paris
insta page flag gonna twitter page though right @thisfunnygirl handle video insta page link x page describe quirky sense humor love entertain delete twitter,Montreal
prends rendez sociale mairie arrondissement trouver centre aide toute marche suivre changer vie moins traumatisme bonne jamais trop tard changer,Paris
picture sell picture must consent release form fill resident cannot picture inside example picture blind window,Montreal
ca rien banlieue juste trouve ca assez article sujet jamais facon banlieue savoir rien ratp prennent jamais rer sinon doi dire tres heureux vraiment alternative carton tous gen vont regulierement banlieue donc plupart gen juste carte tout vois vraiment pa interet changement faites truc vraiment choses genre carte solde prix automatiquement comme plein villes faites rien,Paris
nazi completely canada outside educational argument,Toronto
gta completely outside transit mississauga oakville match gta touch europe,Toronto
depuis paris six chaque annee aime juste bien bouger franchement decouvrir nouveaux quartiers aussi avant appartement tout vu premier etais apres tout bon ca arrete quatre max pa espoir jour,Paris
hub construction sense amount development map site hub wwwtorontoca payment transportation safety construction hub,Toronto
folk decent project bell wear functional style function,London
anyone men apps recent research,London
hi season paris bedbug bedbug july airbnb th bag hell rid,Paris
era tour theater weekend decide champ villette villette friday champ saturday friday theater midnight min ride late friday saturday,Paris
story lease permission landlord another load organize put shelf lock bring bin another load relevant sleep lie yet absolutely bed bug infestation final lock midnight bring sleep bed pre previous tenant turn whole bed turn sleep pillow little dot across screen sit turn literally dozen upon dozen dot across pillow describe immediately bed horror tear put fresh grab recent bag bring grab wallet several block shock flag taxi forever none little bugger ride cab straight partner soon door fully put wear double seal garage bag manage lease thank landlord idea garage bring apartment tenant concrete floor garage everything category partner everything outside double seal bin garbage bag fully fully together anyway original w,Toronto
underwhelming exhibit density mostly queue queue min min exhibit installation enjoyment,Toronto
garage downtown toronto head island resident downtown toronto whole province somewhere,Toronto
vois ca fraude ca permet pa abonnement ca permet savoir exactement combien personnes prennent chaque ligne pouvoir consequence ligne peu exemple nombre heure alors vraiment bonde pourrait voir segment,Paris
another blue jay series ranger series ranger jay tie game bat game series season hit dramatic series,Toronto
rich right american paris american paris,Paris
recently pre pret raise inflation maintain boot meal deal lunch e pop article pre covid transaction transaction london worker london london west london suburb london,London
seul solution logique ultime augmenter offre gros probleme zonage facon regler politiciens connaissent solution explication logement extension condo vont faire baisser prix augmenter qualite generale logements offre demande debalance montreal construire debut fin projet immobiliers ca peux prendre gros frein faire changer zonage vieux quartiers industriels ruine politiciens savent depuis dixaines annees ca reste belle facon avoir faveurs,Montreal
parisien quelques annees sans doute ligne longue rame style sdf jambe bien odeur soudain arrete pousse autour clairement jambe vois couteau main jambe petits,Paris
cet ete central super difficile niveau bouffe deteste tout trouver resto fasse plat ete galere paris entre quartier opera eme tous autres resto peu partout servent beaucoup moins mal trouver endroit sympa,Paris
english kind respectful important though province,Montreal
property london value £k main residence council property council value property £ london £k council £k,London
create alternative reduce traffic amount easier bike infrastructure bike anyway safe fine bike protect transit yet another right along mention traffic strongly disagree safe cycle infrastructure,Toronto
grow college university london london favourite reason traffic,Toronto
alors semble projets cest logements logements sociaux etudiants arbres arbres arbres arbres histoire avoir image « »,Paris
stm regularly limit union negotiate convention moyens pressure respect code limit yellow demand realistic schedule driver schedule essentially yeah,Montreal
maire vient etre placee garde vue e prise interet projets construction article maire grand placee garde vue affaire,Paris
commit tend essentially london past uni age wish commit short term sex party create,London
another argument province spa suggest system connection stupid idea reduce,Toronto
sais tres bon science apres crois pa mal faut info surement connais rien dessus desole,Paris
$ right $ sale beef asian grocery substitute meat tofu bean cook tofu meat mince pork kg cheaper fry rice meatball recently kim phat popular asian grocery,Montreal
interest buddhist gta buddhism canada stretch accord panaioti expert buddhist philosophy toronto university construction railroad worker railroad buddhism canada immigrant railroad $ nearly member buddhist toronto per cent accord canada data buddhist slightly version religion panaioti rely target,Toronto
liberal satisfy whip election whip harder fight caq battleground instead fruit health starter,Montreal
clinic offer emergency appointment information answer wwwclinique feminacom,Montreal
immeuble demande mois loyer comme depot montre releve compte bancaire solde restant moyenne mois loyer deux pense pa besoin avoir bon pointage,Montreal
classic example eventually platform extremely appeal customer customer screw customer attract platform whole descend pointless,London
deck parisian landmark,Paris
beaucoup choses comme commentaires concert architecture seine truc particulier travailler lorsqu fait beau,Paris
pa si mauvaise trouve pa ca vont pa passer leurs vie prison faut bien montrer fait confiance contre sais pa fait bon choix vont etre rapidement esperer prison serum pa aussi,Paris
curieux savoir quel etes installe loin milieu travail checke rendre montagne h partant ecole secondaire pointo h partant john abbot sais vais faire ramasser auto regne encore montreal quel semble etre seul regarde quel transit ride faire aller travail choisissant appartement,Montreal
admissible ramq arrival province wrong similar eligible reason fight argue politely speak complaint specialist turn decision assumption send proof receive wife card automatically apply,Montreal
avoir supporter commentaires certains canadiens sujet accent francais suppose depuis surtout monde travail alors famille depuis e siecle compatis,Paris
ligne serieusement ca fait bout temp pa allee paris seulement dessous fois juste fait etait habite village moins habitant plupart vieux familles jeunes enfants niveau fait mieux fou comme envie personnes habitent paris bien calme frais quand ado jeune constant rien faire si amis habitent pa meme village peut pa aller si pa surement loin fac habite h fac peux dire devoir partir chez soi h commencer cours h pa,Paris
pandemic age match class mid unfortunately counter put weight covid swipe standard swipe easy sex round,London
older heat pump efficiency oil furnace $ per heat tank oil per average heat oil eventually unavailable electric dual energy save propane natural gas oil heat effective efficient save upgrade save,Montreal
read contact councillor pedestrianize majority resident vote pedestrianize ignore favour loud contact,Toronto
parent partner privacy today parent parent whether wherever hell parent joke piss refuse anywhere partner depress privacy today silly parent refuse anywhere stupid ramen,Toronto
speak english tourist direction insist speak kind relationship,Montreal
grow montreal abroad approx montreal extremely bore downtown rather suburb everything easily accessible compare winnipeg mtl eternally vivid trip commit montreal w significant difference compare winnipeg,Montreal
info currently available suspect threat locate west property officer search locate suspect arrest,Toronto
student advantage fake college lie canada victim canadian currently crisis politician government political policy generation deny,Toronto
nope clear paris dirty american dude complain piss smell per paris forest smell dirty forest paris smell piss everywhere,Paris
island others die remove anybody subsidize fight nail except lucky,Toronto
black main black smoke amount smoke butt smoke everywhere culture age black jacket trainer cheaper young artist bed flat benefit flat renovate flat inside yet dog fewer dog meter fewer chain boot coffee chain independent army everywhere cheap east german army shirt london wear coat ever,London
search flea brocante regular mix apparently flea brocante furniture sell marche neighborhood twice rarely brocante regular,Paris
definitely appeal clearly mark though legal hydrant court measure argue information,Montreal
idea blind appointment cornea specialist h appointment pm pm doctor min medication optometrist min mind prescribe blind mind hurt opto medication likely quebec compare alberta immediately propose expert refuse stupid symptom,Montreal
cold along grocery item loblaws $ box packet shopper exact product shelf $ grocery due factor,Toronto
femme ici pris plein fois rer tard tres souvent dernier ailleurs aller antony massy jamais trouve ca antony encore beaucoup monde pire vu mec wagon odeur etait bon etait pa craignos vrai comme rer globalement plutot trouve craint pa trop cote jamais allee loin massy moins prendre rer gare nord contre beaucoup craignos chatelet soir trouve tant fille aussi pris plusieurs fois fait antony peux comprendre reserve certaines meme si globalement ca peu,Paris
read somewhere vincent toronto sear toronto vincent collection fine art sell sear piece history,Toronto
easy literally ever appreciate tip thread,Toronto
inquietez pa demographes entendent toujours tous dire francais serum langue parler montreal ici deux generation bien inquietez pa,Montreal
internet become comfortable online sadly pandemic everywhere age put sometimes hold reduce attention social skill,London
ca fait discours denis coderre comprenait pa courtisait gen pouvaient meme pa voter doit etre concue habitant pa allan monique viennent fois annee,Montreal
shopper cheaper advantage optimum certain $ whole optimum,Toronto
toyota lexus fix product majority theft victim exact toyota lexus profit,Toronto
romantic bord seine utterly moment picnic,Paris
necessarily total story legal healthy lake shore wwii mount fine,Toronto
whole gravy ford brother toronto hall turn self deal benefit greenbelt conservative truly,Toronto
budget confort moins cher $ personne serum utilisable h autres faut faire queue avoir billet puis faire queue rentrer pa tres confortable pa tres propre classique taxi tarif « aeroport downtown » fixe $ memoire uber reviendra environ pareil peu rapide confortable coup,Montreal
etes exactement demarche veut coucher canada ailleurs pense ramq rien payer autre quelqu pa encore arrivee canada regard detail assurance femme demande aussi residence permanente actuellement montreal avon assurance employeur cet assurance resident pa couverts normale crois,Montreal
uk crime thread uk london simply society function specific yet present action society simply crime,London
habite aime beaucoup bien habite tour bord dalle tres jolie vue paris grand espace pietons enfants peuvent aller ecole pied sans seule rue milieu dalle tres autour petits coin verdure contre dimanche matin dalle faut aller cote,Paris
# upvote downvote reminder image appreciate upvote love downvote upvoting downvoting image control subreddit bot action perform automatically contact moderator subreddit compose london concern,London
london literally london busy suggest seoul teach literally special literally,London
agree suggestion thread reduce solve approach focus bring stability save attractive empty property activity landlord limit rental inflation policy repair fault eviction purchase cheaper young buyer eg suggest stamp duty sale rather purchase zero stamp duty buyer benefit inflation fair share introduce rental property property subsidise,London
crisis government blame immigrant international student create,Toronto
example loblaws wallet compare per pound per pound sale bag,Toronto
ca quelqu mi panneau chemin carton suite dernier pluie mairie vrai,Paris
winner dinner atop eiffel paris deck landmark tour montparnasse grand stack dinner ciel atop tour montparnasse cafe clichy late hit quai grenelle pont grenelle porte traffic latin quarter,Paris
rather risk p block block everything wrong block toronto raise article fall toronto launch strategy lead estate vehicle driver centre decade cheap order philosophy argue reduce amount reduce traffic target proposal available driver struggle recover pandemic patrick transportation reform quarter authority occupancy per cent facility range $ $ per half dea president development toronto authority agency approach reasonable discourage term frequent spot authority typically review spot pandemic dea little agency recommend raise board dramatic,Toronto
cut slack act intimidate trip grill consultant quizzically sneer feminine present age ulcer,Montreal
london become cheaper become choice london love london anymore noise cancel sit upstairs,London
holy hamas behead baby israel past fault religious extremist piece nazi germany bomb uk oh yeah boer huh,Montreal
steal nail bike furniture garden furniture rock security camera door online site door share video,Toronto
quand etais vendeur boutique velo montreal scooter venu faire reparer crevaison etait pa velo electrique voir oui viens acheter velo electrique vendeur disait tse si peux pa faire reparer velo boutique velo specialisee peut etre pa velo carrement scooter electrique tellement dangereux piste cyclables peux pa pedaler ca lever ca souvent battery plomb,Montreal
shoot wave flag spark international canada spark international oh,Toronto
thank reply apparently sell travel card uk resident card lesson travel,London
advice stranger others desperate comment suggest girlfriend easy bring love calm interracially girlfriend asian,London
ete devait sortir sexuelle sexuelle jusqu,Paris
violation notice require minimum per cent must state must violation bring property compliance $ install concern remove file defense government personal enjoyment personal personal property,Toronto
chaque fois vois monde repondre enthousiasme maudits dis si faisiez poignarder empresseriez surement indiquer dude meilleurs endroits cacher apres meurtre pi genre semble couteau rentre pa si bien ca veux aiguise fait,Montreal
agreement $ ready head present payment landlord oppose tenant sex,Toronto
cheaper walmart cheaper sometimes amazon another,Toronto
folk hand surprise society everywhere pop along chat result fail bring,London
rescue list video throw moment introduce music video videoflow program block unfortunate program videoflow behind scene saunders mike mike pack rat save yet smart past tree,Toronto
tenant involve proper save withhold ltb landlord ltb withhold tenant lead eviction rat another landlord fresh payment eviction,Toronto
pourquoi tant desordre ici gross raisons habiter facon permanente japon faut demontrer comprehension culture japonaise langue culture murs coutumes capable supporter soi meme,Montreal
raison plaindre apres peut etre etait ca comme habitude font donc ruine autres apres basic eau truc genre truc eau toilette etait donc pa agreable quand fais sport,Paris
ah man bore list quality ex girlfriend decide tv romantic advance,London
aussi montreal alors avant surtout parlent aussi pire laisses valise dehors quand si temperature ah ah,Paris
perfect donate zoo zoo land design zoo waste turn whether dump,Toronto
emmenage eme deux mois juste dessous rue vers savais pa etait arrondissement aussi eme avant beaucoup quartier vers pere,Paris
chef apply instead cut kitchen emphasis chef thoughwe desperate cook,Montreal
anyone girl court display love,London
loud original special screen director cut voice whatsapp,London
agree uk worse rubbish everywhere sometimes item mess culture simply anytime soon put introduce extremely fine litter fin,London
jeudi ah cafe hookah lounge quartier latin fait comedie venez voir six humoristes etablis faire standup incluant favorite gong membre ancien trio adore quebec ainsi gagnant olivier podcast scripte,Montreal
develop major western europe behind compare tube seoul,London
mid little weight attractive onto apps opinion certain match men attractive men men politics religious pool match result fine men interest attraction fine single men,London
royal hall ideal busy monday spot,London
chatelet fort th protect siege paris prison napoleon,Paris
decent toronto infrastructure age grow toronto toronto list medical educational density lead along impact mental health advice today,Toronto
convention stage uni perhaps paris language degree uni provide language convention stage uni system specifically france convention stage legal,Paris
bother toronto east record ontario resident migrate due worry,Montreal
convoy block snarl traffic officer send convoy anyone gonna block snarl traffic gonna chief,Toronto
couple love bed flat value half cover forever bill travel bed relationship fancy,London
london soon court tube cheap sandwich lunch google map jump blind sainsbury,London
golf markham behind th tee box jump golf,Toronto
yeah weird alright okay greet tend intonate yeah genuinely concern tend intonate yeah answer answer eg alright immediately greet exactly alright provide speak,London
grind subway lrt subway despite construction subway finish lrt punishment contract certain fine,Toronto
etait quelque annee maintenant aubervilliers visiter musee faire quelques bref ca bonne partie journee doi prendre tram tram arret tout si groupe jeunes gen decide voie tram comme si etait petit autour petit feu fallu regler ligne certaines faut normalite logique chatelet entre etait premier cercle avant ratp prendre serieusement probleme,Paris
onto partner direction travel single sentence reply bore partner tend absolutely bore lately term lack conversation whatsapp text communication rather fuel empty online chat trigger interest,London
reduce demand investment primary residence example multiple council,London
accuse threaten identifiable degree warrant arrest accuse suggest minor target identifiable harm article suggest indeed weird report student jewish otherwise threat jewish fundamentalist threaten harm canadian fundamentalist article,Toronto
reddit nationality passport yet anyone passport reddit username passport,Montreal
# upvote downvote reminder image appreciate upvote love downvote upvoting downvoting image control subreddit bot action perform automatically contact moderator subreddit compose london concern,London
$ typical tag kind specialist appointment amount correctly clinique dermatologie privee montreal quick opinion treatment pricey clinic term clinic example refer system,Montreal
england france privacy interest,London
renoclimate assessor heat pump towhouse floor floor room unit upper floor insist per unit install current electrical bill $,Montreal
drink london music loud loud music game token game token vibe christmas loud pack vibe busy,London
supporter hamas massacre habitant certains village violent jeunes fille decapitent bebes tuent familles complet mettent bruler leurs maisons suite,Montreal
specific anyone reschedule kind wild wear kippa though,Montreal
manage traffic regularly fine officer coffee instagram chat construction worker intersection absolutely manage traffic totally useless,Toronto
island impact construction popular outside island dix centropolis weekend populous montreal surround benefit transit bike transit system perfect fill bike cleaner healthier sou bien entendu,Montreal
complain online london agree though conversation men behave apps everything apply reverse mostly online certain approach online engage completely frustrate,London
man conversation centre join outside ruin personally tend hit interest,London
sketchy erables highway rue camille bank petty theft drugsso drug tunnel montreal ouest,Montreal
