id,subreddit
0,Montreal
1,Montreal
2,Toronto
3,Toronto
4,Montreal
5,Montreal
6,Toronto
7,London
8,Montreal
9,Toronto
10,London
11,Toronto
12,London
13,Toronto
14,Toronto
15,Montreal
16,Montreal
17,Toronto
18,Toronto
19,Toronto
20,Toronto
21,Toronto
22,Toronto
23,Toronto
24,Toronto
25,Toronto
26,Toronto
27,Toronto
28,Toronto
29,Toronto
30,Toronto
31,Toronto
32,Toronto
33,Toronto
34,Toronto
35,Montreal
36,Toronto
37,London
38,London
39,Toronto
40,Toronto
41,Toronto
42,Toronto
43,London
44,Toronto
45,Montreal
46,Toronto
47,London
48,Montreal
49,Toronto
50,London
51,Toronto
52,London
53,Toronto
54,London
55,Toronto
56,Toronto
57,Montreal
58,Toronto
59,Montreal
60,Toronto
61,Toronto
62,Toronto
63,London
64,Montreal
65,Toronto
66,London
67,Toronto
68,Toronto
69,Toronto
70,Toronto
71,Toronto
72,Montreal
73,London
74,London
75,London
76,Montreal
77,Toronto
78,London
79,London
80,London
81,London
82,London
83,Toronto
84,Montreal
85,London
86,Toronto
87,Toronto
88,Toronto
89,Montreal
90,Montreal
91,Montreal
92,Toronto
93,Toronto
94,Montreal
95,London
96,London
97,London
98,London
99,Toronto
100,London
101,London
102,Toronto
103,Montreal
104,Toronto
105,Toronto
106,London
107,London
108,London
109,Toronto
110,Toronto
111,Montreal
112,London
113,Toronto
114,Toronto
115,Toronto
116,Montreal
117,London
118,London
119,Montreal
120,Montreal
121,London
122,Montreal
123,London
124,London
125,London
126,Montreal
127,London
128,London
129,London
130,London
131,Toronto
132,Montreal
133,London
134,Toronto
135,London
136,London
137,London
138,Toronto
139,London
140,Paris
141,Paris
142,Paris
143,Toronto
144,Paris
145,Paris
146,London
147,Paris
148,London
149,Montreal
150,Paris
151,Montreal
152,Paris
153,Paris
154,Paris
155,Toronto
156,Montreal
157,Paris
158,Toronto
159,Toronto
160,Montreal
161,London
162,Montreal
163,Paris
164,Paris
165,London
166,Montreal
167,Paris
168,Toronto
169,Paris
170,Paris
171,Paris
172,Paris
173,Paris
174,Paris
175,Toronto
176,Paris
177,Toronto
178,Paris
179,London
180,Toronto
181,Paris
182,Paris
183,Paris
184,Montreal
185,Paris
186,Paris
187,Paris
188,Toronto
189,Paris
190,Paris
191,Paris
192,Paris
193,London
194,Montreal
195,Paris
196,Paris
197,Montreal
198,Paris
199,Paris
200,Paris
201,Paris
202,Paris
203,Paris
204,Paris
205,Montreal
206,Paris
207,Paris
208,Paris
209,Paris
210,Paris
211,Paris
212,Montreal
213,Toronto
214,Montreal
215,Montreal
216,Toronto
217,Toronto
218,Montreal
219,Montreal
220,Paris
221,Toronto
222,Paris
223,Montreal
224,Montreal
225,Toronto
226,Montreal
227,London
228,Toronto
229,London
230,Toronto
231,Montreal
232,London
233,Toronto
234,London
235,Toronto
236,London
237,London
238,Paris
239,Toronto
240,London
241,Montreal
242,Montreal
243,Paris
244,Montreal
245,Montreal
246,Montreal
247,Montreal
248,Montreal
249,Toronto
250,London
251,Montreal
252,Toronto
253,Montreal
254,Montreal
255,Paris
256,Paris
257,Toronto
258,Montreal
259,Paris
260,Montreal
261,London
262,Montreal
263,Paris
264,Paris
265,Montreal
266,Montreal
267,Paris
268,Montreal
269,Montreal
270,Toronto
271,Toronto
272,Toronto
273,London
274,Montreal
275,London
276,Montreal
277,Montreal
278,Toronto
